Book Id,Title,Author,Author l-f,Additional Authors,ISBN,ISBN13,My Rating,Average Rating,Publisher,Binding,Number of Pages,Year Published,Original Publication Year,Date Read,Date Added,Bookshelves,Bookshelves with positions,Exclusive Shelf,My Review,Spoiler,Private Notes,Read Count,Owned Copies
232908573,Запах смерті,Simon Beckett,"Beckett, Simon",Євгенія Канчура,"=""6171513822""","=""9786171513822""",4,4.18,КСД,Hardcover,448,2025,2019,2025/06/23,2025/06/23,,,read,,,,1,0
123221824,Шлях королів (Хроніки Буресвітла #1),Brandon Sanderson,"Sanderson, Brandon","Брендон Сандерсон, Андрій Зорницький","=""6171299413""","=""9786171299412""",5,4.67,Клуб Сімейного Дозвілля,Hardcover,1152,2023,2010,2025/06/20,2025/06/20,,,read,,,,1,0
59031092,"Війна старого (Війна старого, #1)",John Scalzi,"Scalzi, John","Джон Скалці, Олексій Антомонов","=""9661062714""","=""9789661062718""",4,4.23,Навчальна книга – Богдан,Hardcover,248,2021,2005,2025/05/20,2025/05/20,,,read,,,,1,0
199331026,"Темніший колір магії (Shades of Magic, #1)",V.E. Schwab,"Schwab, V.E.","Єлізавета Долгозвяг, Ольга Левченко","=""6177914764""","=""9786177914760""",3,4.04,Nebo Booklab Publishing,Hardcover,328,2023,2015,2025/05/15,2025/05/15,,,read,,,,1,0
217986936,Чорний телефон,Joe Hill,"Hill, Joe","Джо Гілл, Євген Гірін","=""6171704962""","=""9786171704961""",3,3.71,Vivat,Hardcover,416,2024,2009,2025/05/06,2025/05/05,,,read,"В 2019 році читав цю книгу під іншою назвою - ""Привиди 20 століття"". <br/>Тоді поставив їй 4 зірочки, і окремо згадував про ""За власним бажанням"". <br/><br/>Зараз (2025 рік) можу знову виділити ""За власним бажанням"", інші ж оповідання якось геть не зачепили. ",,,1,0
213639187,Герої,Joe Abercrombie,"Abercrombie, Joe",Анна Нікіфорова-Вакалюк,"=""6171507873""","=""9786171507876""",4,4.34,КСД,Hardcover,752,2024,2011,2025/04/27,2025/04/27,,,read,,,,1,0
226830778,Невгамовні мерці. П’яте розслідування,Simon Beckett,"Beckett, Simon",Євгенія Канчура,"=""6171513148""","=""9786171513143""",4,4.15,КСД,Hardcover,496,2025,2016,2025/04/08,2025/04/08,,,read,,,,1,0
219874248,Поклик з могили,Simon Beckett,"Beckett, Simon","Саймон Бекетт, Євгенія Канчура","=""6171511536""","=""9786171511538""",4,4.01,КСД,Hardcover,384,2024,2010,2025/04/01,2025/04/04,,,read,,,,1,0
228333671,"Міжзір'я (Skyward, #2)",Brandon Sanderson,"Sanderson, Brandon","Брендон Сандерсон, Борис Превір","=""6178383274""","=""9786178383275""",4,4.35,Nebo Booklab Publishing,Hardcover,408,2024,2019,2025/03/29,2025/03/29,,,read,,,,1,0
63201348,"Руїна та відновлення (The Shadow and Bone Trilogy, #3)",Leigh Bardugo,"Bardugo, Leigh",Єлена Даскал,"=""6171298018""","=""9786171298019""",3,3.98,Книжковий Клуб «Клуб Сімейного Дозвілля»,Hardcover,352,2022,2014,2025/03/21,2025/03/21,,,read,,,,1,0
224032078,Сорочине вбивство,Anthony Horowitz,"Horowitz, Anthony","Ольга Бєлова, Маріам Губенко","=""9664484040""","=""9789664484043""",4,3.95,Видавництво Старого Лева,Hardcover,648,2025,2016,2025/03/16,2025/03/16,,,read,,,,1,0
36233060,Моя бабуся просить їй вибачити,Fredrik Backman,"Backman, Fredrik","Фредрік Бакман, Ольга Захарченко","=""""","=""9789669763969""",5,4.07,#книголав,Hardcover,416,2017,2013,2021/07/06,2021/07/06,,,read,,,,1,0
60390611,Облога та штурм,Leigh Bardugo,"Bardugo, Leigh","Лі Бардуґо, Єлена Даскал","=""""","=""""",3,3.81,Клуб сімейного дозвілля,Hardcover,368,2022,2013,2025/03/02,2025/03/02,,,read,,,,1,0
226942099,"Грозовий фронт (Справи Дрездена, #1)",Jim  Butcher,"Butcher, Jim","Джим Бутчер, Артем Яворський, Юрій Копанський","=""6178383770""","=""9786178383770""",4,3.97,Nebo Booklab Publishing,Hardcover,264,2025,2000,2025/02/26,2025/02/26,,,read,,,,1,0
58543120,Тінь та кістка. Книга 1,Leigh Bardugo,"Bardugo, Leigh",Єлена Даскал,"=""617128873X""","=""9786171288737""",3,3.92,"Книжковий клуб ""Клуб сімейного дозвілля""",Hardcover,304,2021,2012,2025/02/17,2025/02/21,,,read,,,,1,0
211987936,Шепіт мертвих. Третє розслідування (Ukrainian Edition),Simon Beckett,"Beckett, Simon",Євгенія Канчура,"=""6171505811""","=""9786171505810""",4,4.16,КСД,Kindle Edition,361,2024,2009,2025/02/07,2025/02/07,,,read,,,,1,0
219407066,"Джерело Вознесіння (Mistborn, #2)",Brandon Sanderson,"Sanderson, Brandon","Брендон Сандерсон, Тарас Копанський, Олексій Чупа","=""6178383584""","=""9786178383589""",5,4.38,Nebo Booklab Publishing,Hardcover,840,2024,2007,2025/02/02,2025/02/03,,,read,,,,1,0
195696467,Записано на кістках. Друге розслідування,Simon Beckett,"Beckett, Simon","Саймон Бекетт, Євгенія Канчура","=""6171500216""","=""9786171500211""",4,4.20,КСД,Hardcover,384,2023,2007,2025/01/22,2025/01/22,,,read,,,,1,0
212117182,Залізне полум’я,Rebecca Yarros,"Yarros, Rebecca","Богдан Горват, Олексій Манько","=""6171507105""","=""9786171507104""",3,4.37,КСД,Hardcover,736,2024,2023,2025/01/20,2025/01/20,,,read,,,,1,0
221910126,"Пів війни (Shattered Sea, #3)",Joe Abercrombie,"Abercrombie, Joe","Джо Аберкромбі, Олег Лесько, Тарас Копанський","=""617838355X""","=""9786178383558""",4,4.03,Nebo Booklab Publishing,Hardcover,384,2024,2015,2025/01/04,2025/01/04,,,read,,,,1,0
59822683,Пів короля,Joe Abercrombie,"Abercrombie, Joe","Джо Аберкромбі, Олег Лесько, Тарас Копанський","=""6177914195""","=""9786177914197""",5,3.97,Nebo BookLab Publishing,Hardcover,296,2021,2014,2022/06/07,2025/01/04,,,read,,,,1,0
98836554,Хімія смерті. Перше розслідування,Simon Beckett,"Beckett, Simon","Саймон Бекетт, Євгенія Канчура","=""6171297968""","=""9786171297968""",4,4.18,Клуб смейного дозвілля,Hardcover,384,2022,2006,2024/12/31,2024/12/31,,,read,,,,1,0
217878470,"Оповістки з Меекханського прикордоння. Книга 5. Кожна мертва мрія (Opowieści z Meekhańskiego Pogranicza, #5)",Robert M. Wegner,"Wegner, Robert M.",Сергій Легеза,"=""6178426321""","=""9786178426323""",4,4.56,Видавництво РМ,Hardcover,688,2024,2018,2024/12/25,2024/12/31,,,read,,,,1,0
31076958,Дім на горі,Валерій Шевчук,"Шевчук, Валерій",,"=""6175850041""","=""9786175850046""",4,4.28,А-ба-ба-га-ла-ма-га,Hardcover,560,2013,1983,2024/12/28,2024/12/28,,,read,,,,1,0
206652585,"Богоділ (The Nevernight Chronicle, #2)",Jay Kristoff,"Kristoff, Jay","Ксенія Сокульська, Марія Колосова","=""6178383193""","=""9786178383190""",5,4.45,Nebo Booklab Publishing,Hardcover,584,2024,2017,2024/12/04,2024/12/04,,,read,,,,1,0
211837616,Голлі,Stephen        King,"King, Stephen",Ольга Захарченко,"=""6171507040""","=""9786171507043""",4,4.08,КСД,Hardcover,608,2024,2023,2024/11/11,2024/11/11,,,read,,,,1,0
63359856,Народження орди,Christie Golden,"Golden, Christie",,"=""""","=""""",5,4.18,Molfar Comics,Hardcover,296,2022,2006,2022/11/13,2022/10/02,,,read,,,,1,0
217224870,Тресс зі Смарагдового моря,Brandon Sanderson,"Sanderson, Brandon","Howard Lyon, Анна Цвіра","=""6171703516""","=""9786171703513""",5,4.34,Vivat,Hardcover,400,2024,2023,2024/10/25,2024/10/25,,,read,,,,1,0
35829991,"Реликварий (Pendergast, #2)",Douglas Preston,"Preston, Douglas",,"=""538908747X""","=""9785389087477""",4,4.16,Азбука,Kindle Edition,477,2014,,,2017/07/02,,,read,,,,1,0
218590455,Бабай. Нічний сеанс,Павло Дерев'янко,"Дерев'янко, Павло","Оксана Ковальчук, Max Kidruk, Макс Кідрук, Світлана Тараторіна, Микита Кіляров, Андрій Лозінський, Ната Гриценко, Дімка Ужасний, Володимир Мінін, Дмитро Деревянко, Олексій Жупанський, Володимир Кузнєцов, Євгенія Кужавська, Євген Товстоног, Джозеф Шерідан ле Фаню, Ірина Гуріна, Сергій Крикун","=""6178336098""","=""9786178336097""",4,4.26,Видавництво Жупанського,Hardcover,528,2024,,2024/10/13,2024/10/13,,,read,,,,1,0
63093519,Проблема трьох тіл,Liu Cixin,"Cixin, Liu",,"=""966993088X""","=""9789669930880""",3,4.08,BOOKCHEF,Kindle Edition,432,2020,2006,2023/02/05,2023/02/05,,,read,,,,1,0
214404707,Злодій,Ярослав Задоровський,"Задоровський, Ярослав",,"=""6177914608""","=""9786177914609""",5,4.49,Nebo Booklab Publishing,Paperback,448,2025,2025,2024/09/07,2024/09/07,,,read,,,,1,0
201947778,Страх мудреця,Patrick Rothfuss,"Rothfuss, Patrick",Марія Пухлій,"=""6171503746""","=""9786171503748""",5,4.55,КСД,Hardcover,1264,2023,2011,2024/08/25,2024/08/25,,,read,,,,1,0
41728333,Сліпобачення,Peter Watts,"Watts, Peter","Пітер Воттс, Анатолій Пітик, Катерина Грицайчук, Володимир Аренєв","=""9662355995""","=""9789662355994""",3,4.01,Видавництво Жупанського,Hardcover,384,2018,2006,2019/03/02,2019/03/02,,,read,"Ніби й цікаво, а ніби й нічого особливого. <br/>Спроба першого контакту із позаземними створіннями деяких ""недо/над-людей"" із Землі вийшла такою собі. <br/>Книга переповнена термінами, що на мою думка, аж ніяк не додає плюсів їй, а про кількість помилок/одруківок навіть не хочеться згадувати(одна лише фраза ""компьютерної гри"" в передмові чого варта).<br/><br/>Не люблю порівнювати авторів і книги, але від читання ""СімміС"" я кайфував, а тут - страждав майже 5 місяців.",,,1,0
129024054,Ім’я вітру (Хроніки вбивці короля #1),Patrick Rothfuss,"Rothfuss, Patrick",Марія Пухлій,"=""6171500119""","=""9786171500112""",5,4.52,КСД,Hardcover,800,2023,2007,2019/07/05,2019/03/29,,,read,"Тепер я розумію чому у цієї книжки рейтинг понад 4.5 при понад 600 тисяч оцінок. <br/><br/>Для тих, хто любить читати книги у яких сюжет розвивається поволі і має чимало сюжетних ліній - те, що треба! Очікую продовження.",,,2,0
193562757,Арсен Люпен - шляхетний грабіжник,Maurice Leblanc,"Leblanc, Maurice",Моріс Леблан,"=""9661078548""","=""9789661078542""",3,3.80,Видавництво Богдан,Kindle Edition,213,2022,1907,2024/01/15,2024/01/16,,,read,,,,1,0
55801389,Вечір у Візантії,Irwin Shaw,"Shaw, Irwin","Ірвін Шоу, Павло Мигаль, Павло Мальцев","=""6176798507""","=""9786176798507""",4,3.83,Видавництво Старого Лева ,Hardcover,480,2020,1973,2024/07/02,2024/07/02,,,read,,,,1,0
107735406,Цифрова фортеця,Dan    Brown,"Brown, Dan",Ден Браун,"=""9661410372""","=""9789661410373""",4,3.70,"Книжный клуб ""Клуб семейного досуга""",Hardcover,416,2014,1998,,2017/07/02,,,read,,,,1,0
204033191,Четверте крило,Rebecca Yarros,"Yarros, Rebecca","Богдан Горват, Олексій Манько","=""6171504971""","=""9786171504974""",4,4.58,КСД,Hardcover,528,2023,2023,2024/06/28,2024/06/28,,,read,,,,1,0
209072243,"Королі Жаских Земель (The Band, #1)",Nicholas Eames,"Eames, Nicholas","Олексій Чупа, Марія Різак","=""6178383061""","=""9786178383060""",4,4.27,Nebo Booklab Publishing,Hardcover,480,2024,2017,2024/06/15,2024/06/15,,,read,,,,1,0
60852653,Медальйон трьох змій,Андрій Новік,"Новік, Андрій",,"=""6177914306""","=""9786177914302""",3,3.97,Nebo Booklab Publishing,ebook,680,2022,,2024/05/31,2024/05/31,,,read,"Загалом непогано. (Краще за ""Останній спадок"" та ""Аномалію"").<br/><br/>Автор дуже полюбляє влаштовувати масові вбивства у своїх книгах. <br/>Але ці сцени майже не мають вливу на сюжет. Як можна вбити кілька десятків людей, а про це лише декілька героїв знає?! <br/> <br/><br/>Епілог дуже розчарував. Потрібно ж було залишити якусь ""таємницю"". <br/><br/>P.S. А Механік узагалі спав за увесь період книги?",,,1,0
35052265,"Bloody Rose (The Band, #2)",Nicholas Eames,"Eames, Nicholas",,"=""0356509044""","=""9780356509044""",0,4.18,Orbit,Paperback,512,2018,2018,,2024/06/15,to-read,to-read (#45),to-read,,,,0,0
123167767,Озеро,Tadej Golob,"Golob, Tadej","Мар’яна Климець, Тадей Ґолоб","=""6175530039""","=""9786175530030""",3,3.90,Видавництво Анетти Антоненко,Kindle Edition,360,2023,2016,2024/02/08,2024/02/08,,,read,,,,1,0
125430437,Оповістки з Меекханського прикордоння. Пам’ять усіх слів,Robert M. Wegner,"Wegner, Robert M.",Роберт М. Вегнер,"=""617824889X""","=""9786178248895""",4,4.38,Рідна Мова,Hardcover,568,2023,2015,2024/05/12,2024/05/12,,,read,,,,1,0
18517386,"Янголи і демони (Роберт Ленґдон, 1)",Dan    Brown,"Brown, Dan",Дэн Браун,"=""""","=""""",4,3.95,Клуб Сімейного Дозвілля,Hardcover,544,2008,2000,,2017/07/02,,,read,,,,1,0
57948187,Оповістки з Меекханського прикордоння. Небо зі сталі,Robert M. Wegner,"Wegner, Robert M.","Роберт М. Вегнер, Сергій Легеза","=""9669176581""","=""9789669176585""",5,4.50,Рідна мова,Hardcover,544,2021,2012,2024/04/07,2024/04/07,,,read,,,,1,0
209072147,"Лукавства Лока Ламори (Gentleman Bastard, #1)",Scott Lynch,"Lynch, Scott","Дар'я Беззадіна, Ілля Угнівенко","=""6178383096""","=""9786178383091""",5,4.31,Nebo Booklab Publishing,Hardcover,560,2024,2006,2024/03/30,2024/03/30,,,read,,,,1,0
206703931,Найкраще подавати холодною,Joe Abercrombie,"Abercrombie, Joe","Софія Берлінець, Дмитро Кожедуб","=""6171506168""","=""9786171506169""",4,4.24,КСД,Hardcover,784,2024,2009,2024/03/16,2024/03/18,,,read,,,,1,0
38916800,"Джерело (Роберт Ленґдон, 5)",Dan    Brown,"Brown, Dan","Ден Браун, Г.В. Яновська","=""6171247537""","=""9786171247536""",4,3.90,Клуб Сімейнойного Дозвілля,Hardcover,528,2018,2017,2018/01/22,2018/01/11,,,read,,,,2,0
49109406,Еліксир безсмертя,Раймонд Коурі,"Коурі, Раймонд",,"=""""","=""""",3,3.67,Книжковий Клуб «Клуб Сімейного Дозвілля»,Hardcover,496,2008,2007,2024/03/07,2024/03/07,,,read,,,,1,0
61144047,"Безніч (The Nevernight Chronicle, #1)",Jay Kristoff,"Kristoff, Jay","Джей Крістофф, Ксенія Сокульська, Марія Колосова","=""617791439X""","=""9786177914395""",5,4.22,Nebo Booklab Publishing,ebook,584,2022,2016,2024/02/27,2024/02/27,,,read,,,,1,0
60504963,"Смерть на Нілі (Hercule Poirot, #17)",Agatha Christie,"Christie, Agatha",,"=""617128176X""","=""9786171281769""",4,4.12,"Книжковий клуб ""Клуб Сімейного Дозвілля""",Hardcover,368,2020,1937,2022/03/05,2022/03/11,,,read,,,,1,0
75430357,Остання імперія (З-імли-народжені #1),Brandon Sanderson,"Sanderson, Brandon","Брендон Сандерсон, Тарас Копанський, Олег Лесько","=""6177914470""","=""9786177914470""",5,4.49,Nebo BookLab Publishing ,Hardcover,704,2022,2006,2024/01/31,2024/01/31,,,read,,,,1,0
53271446,Оповістки з Меекханського прикордоння. Схід-Захід,Robert M. Wegner,"Wegner, Robert M.",Сергій Легеза,"=""9669174910""","=""9789669174918""",5,4.41,Рідна Мова,Hardcover,520,2020,2010,2024/01/12,2021/01/11,,,read,,,,1,0
57600658,Балада про співочих пташок і змій,Suzanne Collins,"Collins, Suzanne",,"=""9669937035""","=""9789669937032""",3,3.99,Book Chef ,Kindle Edition,576,2021,2020,2023/12/25,2023/12/25,,,read,,,,1,0
45755865,Оповістки з Меекханського прикордоння. Північ-Південь,Robert M. Wegner,"Wegner, Robert M.","Роберт М. Вегнер, Сергій Легеза","=""9669173876""","=""9789669173874""",5,4.36,Рідна мова,Hardcover,520,2019,2009,2023/12/11,2023/12/11,,,read,,,,1,0
49933902,Степовий бог,Євген Лір,"Лір, Євген",,"=""6177842003""","=""9786177842001""",3,4.01,Дім Химер,Hardcover,208,2019,2019,2023/11/19,2023/11/19,,,read,,,,1,0
188571984,Дім на Збіччі,David Mitchell,"Mitchell, David",Ганна Яновська,"=""6178023596""","=""9786178023591""",3,3.81,Жорж,Hardcover,184,2023,2015,2023/11/12,2023/11/12,,,read,,,,1,0
139864358,"Порожня могила (Lockwood & Co., #5)",Jonathan Stroud,"Stroud, Jonathan","Джонатан Страуд, Володимир Панченко, Іван Сулима","=""6175852540""","=""9786175852545""",5,4.62,А-БА-БА-ГА-ЛА-МА-ГА,Hardcover,400,2023,2017,2023/10/30,2023/10/30,,,read,,,,1,0
199274304,Імені Сковороди,Владислав Івченко,"Івченко, Владислав",,"=""6175696255""","=""9786175696255""",4,3.63,Темпора,Hardcover,460,2023,2023,2023/10/21,2023/10/22,,,read,,,,1,0
199137506,"Штучний стан (Щоденники вбивцебота, #2)",Martha Wells,"Wells, Martha","Анатолій Пітик, Катерина Пітик","=""617802374X""","=""9786178023744""",4,4.26,Жорж,Hardcover,160,2023,2018,2023/10/07,2023/10/22,,,read,,,,1,0
199137500,"Всі системи: небезпека (Щоденники вбивцебота, #1)",Martha Wells,"Wells, Martha","Анатолій Пітик, Катерина Пітик","=""6178023731""","=""9786178023737""",4,4.13,Жорж,Hardcover,152,2023,2017,2023/10/04,2023/10/22,,,read,,,,1,0
197375219,Пів світу,Joe Abercrombie,"Abercrombie, Joe","Олег Лесько, Тарас Копанський","=""6177914691""","=""9786177914692""",5,4.19,Nebo BookLab Publishing,Hardcover,384,2023,2015,2023/09/21,2023/09/21,,,read,,,,1,0
61689422,"Агенція ""Локвуд і Ко"": Тінь, що крадеться",Jonathan Stroud,"Stroud, Jonathan","Джонатан Страуд, Володимир Панченко, Іван Сулима","=""6175852338""","=""9786175852330""",4,4.52,А-БА-БА-ГА-ЛА-МА-ГА,Hardcover,392,2022,2016,2023/09/09,2023/09/09,,,read,,,,1,0
58853521,"Агенція ""Локвуд і Ко"": Примарний хлопець (Локвуд і Ко, #3)",Jonathan Stroud,"Stroud, Jonathan","Джонатан Страуд, Володимир Панченко, Іван Сулима","=""""","=""9786175852187""",4,4.38,А-БА-БА-ГА-ЛА-МА-ГА,Hardcover,352,2021,2015,2023/08/19,2023/08/21,,,read,,,,1,0
182065775,Небовись,Brandon Sanderson,"Sanderson, Brandon",Борис Превір,"=""6177914624""","=""9786177914623""",5,4.47,Nebo BookLab Publishing,Hardcover,472,2023,2018,2023/08/14,2023/08/14,,,read,"Перша прочитана цього автора.<br/>Здається, я починаю розумію неймовірно високі оцінки його книг. ",,,1,0
172955718,"Переможці (Beartown, #3)",Fredrik Backman,"Backman, Fredrik",,"=""617801225X""","=""9786178012250""",5,4.45,Knigolav,Hardcover,697,2023,2022,2023/07/09,2023/07/09,,,read,,,,1,0
124930736,Поглиначі мертвих,Michael Crichton,"Crichton, Michael",Ольга Тільна,"=""6175220935""","=""9786175220931""",3,3.71,Фабула,Hardcover,272,2023,1976,2023/06/21,2023/06/22,,,read,,,,1,0
63574057,Нові Темні Віки. Колонія,Max Kidruk,"Kidruk, Max",Макс Кідрук,"=""6179526702""","=""9786179526701""",4,4.69,Бородатий Тамарин,Hardcover,904,2023,2023,2023/06/11,2023/06/11,,,read,,,,1,0
123844914,Бунт проти імперії: українські шістдесятники,Radomyr Mokryk,"Mokryk, Radomyr",Радомир Мокрик,"=""6175852494""","=""9786175852491""",0,4.84,А-БА-БА-ГА-ЛА-МА-ГА,Hardcover,416,2023,,,2023/06/06,to-read,to-read (#44),to-read,,,,0,0
60379803,Біллі Саммерс,Stephen        King,"King, Stephen","Стівен Кінг, Олена Любенко, Volodymyr Kuch","=""6171296015""","=""9786171296015""",4,4.19,Книжковий Клуб «Клуб Сімейного Дозвілля»,Hardcover,608,2022,2021,2023/04/29,2023/04/29,,,read,,,,1,0
58211001,Вічне життя Смерті (Remembrance of Earth's Past #3),Liu Cixin,"Cixin, Liu","Лю Цисінь, Євген Ширинос","=""9669930081""","=""9789669930088""",3,4.41,Bookchef,Kindle Edition,816,2021,2010,2023/04/14,2023/04/14,,,read,,,,1,0
62831698,Кістяні годинники,David Mitchell,"Mitchell, David","Катерина Дудка, Остап Українець","=""6178023111""","=""9786178023119""",4,3.84,Жорж,Hardcover,624,2022,2014,2023/03/26,2023/03/25,,,read,,,,1,0
43303329,"Шхуна ""Колумб""",Микола Трублаїні,"Трублаїні, Микола",,"=""9660365896""","=""9789660365896""",4,4.32,Фоліо,Hardcover,329,2013,1940,2021/01/30,2021/01/31,,,read,,,,1,0
45755967,Темний ліс,Liu Cixin,"Cixin, Liu",Євген Ширинос,"=""617756108X""","=""9786177561087""",4,4.40,Bookchef,Kindle Edition,704,2019,2008,2023/03/06,2023/03/06,,,read,,,,1,0
53150932,"Агенція ""Локвуд і Ко"": Череп, що шепоче",Jonathan Stroud,"Stroud, Jonathan","Джонатан Страуд, Володимир Панченко, Іван Сулима","=""6175851889""","=""9786175851883""",4,4.33,А-БА-БА-ГА-ЛА-МА-ГА,Hardcover,352,2020,2014,2023/02/18,2023/02/18,,,read,,,,1,0
44144147,"Сходи, що кричать (Агенція ""Локвуд і Ко"" #1)",Jonathan Stroud,"Stroud, Jonathan","Джонатан Страуд, Володимир Панченко, Іван Сулима","=""6175851641""","=""9786175851647""",4,4.25,А-БА-БА-ГА-ЛА-МА-ГА,Hardcover,320,2019,2013,2023/02/11,2023/02/11,,,read,,,,1,0
50210418,"Ведмеже місто (Beartown, #1)",Fredrik Backman,"Backman, Fredrik","Фредрік Бакман, Софія Волковецька","=""6177820085""","=""9786177820085""",4,4.29,#книголав,Hardcover,432,2019,2016,2020/10/26,2020/10/26,,,read,,,,1,0
44011888,Заради майбутнього,Max Kidruk,"Kidruk, Max",Макс Кідрук,"=""6171259616""","=""9786171259614""",4,4.13,Книжковий Клуб «Клуб Сімейного Дозвілля»,Hardcover,304,2019,,2019/04/26,2019/03/03,,,read,,,,1,0
31858519,Зазирни у мої сни,Max Kidruk,"Kidruk, Max",Макс Кідрук,"=""617121504X""","=""9786171215047""",4,4.27,Книжковий Клуб «Клуб Сімейного Дозвілля»,Hardcover,528,2016,2016,2023/01/16,2023/01/15,,,read,,,,1,0
34217245,"Книга мертвых (Pendergast, #7; Diogenes, #3)",Douglas Preston,"Preston, Douglas","Дуглас Престон, Линкольн Чайлд, Lincoln Child","=""5389070542""","=""9785389070547""",5,4.17,Азбука,Hardcover,480,2014,2006,,2017/07/02,,,read,,,,1,0
35340506,Пожежник,Joe Hill,"Hill, Joe","Джо Гілл, Євген Гірін","=""6177489788""","=""9786177489787""",5,3.92,КМ-БУКС,Hardcover,704,2017,2016,2018/01/03,2017/07/02,,,read,,,,1,0
22754507,Война миров Z,Max Brooks,"Brooks, Max",,"=""5170792050""","=""9785170792054""",5,4.02,АСТ,Hardcover,416,2013,2006,2018/01/01,2017/07/02,,,read,,,,1,0
29773673,"Іди, вартового постав",Harper Lee,"Lee, Harper","Гарпер Лі, Тетяна Некряч","=""9669230519""","=""9789669230515""",0,3.31,КМ-Букс,Hardcover,288,2016,2015,,2018/01/03,to-read,to-read (#2),to-read,,,,0,0
37706476,"Парк Юрського періоду  (Парк Юрського періоду, #1)",Michael Crichton,"Crichton, Michael",Майкл Крайтон,"=""6177489745""","=""9786177489749""",5,4.12,Видавнича група КМ-БУКС,Hardcover,544,2017,1990,,2017/07/02,,,read,,,,1,0
59124462,Мандри убивці. Assassin 3,Robin Hobb,"Hobb, Robin",Робін Гобб,"=""6171289221""","=""9786171289222""",5,4.21,Книжковий Клуб «Клуб Сімейного Дозвілля» ,Hardcover,928,2021,1997,2023/01/05,2021/12/03,,,read,,,,1,0
61830803,"Республіка Дракона (The Poppy War, #2)",R.F. Kuang,"Kuang, R.F.",Ганна Литвиненко,"=""617802309X""","=""9786178023096""",0,4.36,Жорж,Hardcover,616,2022,2019,,2022/01/03,to-read,to-read (#33),to-read,,,,0,0
64653672,Пісня дібров,Павло Дерев'янко,"Дерев'янко, Павло",,"=""6177842194""","=""9786177842193""",5,4.80,Дім Химер,Hardcover,576,2022,2022,2022/12/17,2022/12/10,,,read,,,,1,0
40731333,Невермур. Випробування Морріґан Кроу,Jessica Townsend,"Townsend, Jessica",Ольга Розумна,"=""9669427274""","=""9789669427274""",4,4.32,Vivat,Hardcover,368,2018,2017,2022/11/26,2022/11/27,,,read,,,,1,0
62837268,Темна половина,Stephen        King,"King, Stephen","Стівен Кінг, Олександр Красюк","=""6171297844""","=""9786171297845""",0,3.81,Книжковий Клуб «Клуб Сімейного Дозвілля»,Hardcover,592,2022,1989,,2022/11/27,to-read,to-read (#43),to-read,,,,0,0
50393797,Убивчий білий (Cormoran Strike #4),Robert Galbraith,"Galbraith, Robert",Наталія Ференс,"=""9669483794""","=""9789669483799""",0,4.25,КМ-Букс,Hardcover,704,2020,2018,,2022/11/25,to-read,to-read (#42),to-read,,,,0,0
61867327,Танці з кістками,Андрій Сем’янків,"Сем’янків, Андрій",,"=""6177960677""","=""9786177960675""",0,4.40,Віхола,Paperback,368,2022,,,2022/10/28,to-read,to-read (#41),to-read,,,,0,0
50092992,Кар'єра лиходія,Robert Galbraith,"Galbraith, Robert",Роберт Ґалбрейт,"=""9669483263""","=""9789669483263""",0,4.22,КМ-Букс,Hardcover,544,2019,2015,,2022/10/28,to-read,to-read (#40),to-read,,,,0,0
283866,"The Last Guardian (WarCraft, #3)",Jeff Grubb,"Grubb, Jeff",,"=""0671041517""","=""9780671041519""",4,4.03,Pocket Books/Star Trek,Mass Market Paperback,320,2001,2001,2022/10/02,2022/10/02,,,read,,,,1,0
61738781,Коко 2.0,Dorje Batuu,"Batuu, Dorje","Дорж Бату, Юлія Самелюк","=""9664480320""","=""9789664480328""",0,4.07,Видавництво Старого Лева,Hardcover,560,2022,2022,,2022/09/27,to-read,to-read (#39),to-read,,,,0,0
48652925,Королівський убивця. Assassin 2,Robin Hobb,"Hobb, Robin","Робін Гобб, Наталія Михаловська","=""6171261890""","=""9786171261891""",5,4.28,Книжковий Клуб «Клуб Сімейного Дозвілля»,Hardcover,688,2019,1996,2022/09/19,2021/04/08,,,read,,,,1,0
41563930,Учень убивці. Assassin,Robin Hobb,"Hobb, Robin",Юрій Єфремов,"=""617125410X""","=""9786171254107""",5,4.19,Книжковий Клуб «Клуб Сімейного Дозвілля»,Hardcover,416,2018,1995,2022/07/16,2021/04/08,,,read,,,,1,0
57954747,"Тріумф Сонця (The Ballantyne Novels, #5; Courtney, #12)",Wilbur Smith,"Smith, Wilbur",,"=""6171284513""","=""9786171284517""",5,4.11,Клуб Сімейного Дозвілля,Hardcover,704,2021,2005,2022/07/04,2022/07/04,,,read,,,,1,0
56699625,Дикий,Guillermo Arriaga,"Arriaga, Guillermo",Ігор Оржицький,"=""6171261386""","=""9786171261389""",3,4.43,Клуб Сімейного Дозвілля,Hardcover,720,2020,2016,2022/06/14,2022/06/15,,,read,"Напевно, писати, що цю книжку має прочитати кожен - не варто. Писати, що цю книжку не потрібно читати - також не варто. Нехай кожен вирішує сам. <br/>Сказати, що вона мені сподобалася - не можу, але й залишити книгу недочитаною - також не міг, бо було цікаво.",,,1,0
31699383,"Шістка воронів (The Six of Crows Duology, #1)",Leigh Bardugo,"Bardugo, Leigh","Лі Бардуґо, Єлена Даскал","=""6176907179""","=""9786176907176""",5,4.46,Vivat,Hardcover,544,2016,2015,2020/01/07,2020/01/12,,,read,,,,1,0
59809991,Джонатан Стрейндж і м-р Норрелл,Susanna Clarke,"Clarke, Susanna","Сюзанна Кларк, Богдан Стасюк, Катерина Пітик, Анатолій Пітик, Михайло Назаренко","=""9669177855""","=""9789669177858""",0,3.87,РМ,Hardcover,904,2021,2004,,2022/05/08,to-read,to-read (#38),to-read,,,,0,0
26803892,Тринадцята легенда,Diane Setterfield,"Setterfield, Diane","Діана Сеттерфілд, Володимир Горбатько","=""9663435550""","=""9789663435558""",5,3.98,"Книжковий Клуб ""Клуб сімейного дозвілля""",Hardcover,432,2007,2006,2022/05/08,2022/05/08,,,read,,,,1,0
60289941,Зірка для тебе,Дара Корній,"Корній, Дара",,"=""""","=""""",4,3.93,Vivat,Hardcover,319,2019,2013,2022/04/17,2022/04/17,,,read,,,,1,0
44568668,"Дівчина, яку ми вбили",Поліна Кулакова,"Кулакова, Поліна",Ярина Каторож,"=""9669787025""","=""9789669787026""",2,3.99,Дім Химер,Hardcover,160,2019,,2022/04/06,2022/04/06,,,read,,,,1,0
35195536,10 успішних українських брендів,Богдан Ославський,"Ославський, Богдан",,"=""6177411002""","=""9786177411009""",3,3.80, Дискурсус,Hardcover,192,2017,,2022/03/31,2022/03/31,,,read,,,,1,0
52088357,Ловець невинних душ,Donato Carrisi,"Carrisi, Donato",Олена Ховрасьова,"=""""","=""""",3,4.04,Vivat,Hardcover,432,2019,2011,2022/03/22,2022/03/22,,,read,,,,1,0
45485724,"Екскурсія математикою. Як через готелі, риб, камінці і пасажирів зрозуміти цю науку",Steven H. Strogatz,"Strogatz, Steven H.",Анастасія Дудченко,"=""617768257X""","=""9786177682577""",3,4.06,Наш Формат,Hardcover,256,2019,2012,2022/03/16,2022/03/16,,,read,,,,1,0
40039589,Чоловік на ім'я Уве,Fredrik Backman,"Backman, Fredrik","Фредрік Бакман, Ольга Захарченко","=""6177563023""","=""9786177563029""",4,4.38,#книголав,Hardcover,352,2018,2012,2022/03/09,2022/03/11,,,read,,,,1,0
57676607,Цвіте терен,Оксана Кір'ян,"Кір'ян, Оксана",,"=""""","=""9786171279384""",4,3.71,Клуб Сімейного Дозвілля,Hardcover,224,2020,,2022/01/30,2022/01/30,,,read,,,,1,0
53253712,Тенета Війни,Павло Дерев'янко,"Дерев'янко, Павло",,"=""6177842089""","=""9786177842087""",5,4.80,Дім Химер,Hardcover,448,2020,,2022/01/28,2021/10/23,,,read,,,,1,0
59537140,Джералдова гра,Stephen        King,"King, Stephen","Стівен Кінг, Volodymyr Kuch, Володимир Куч","=""6171292737""","=""9786171292734""",0,3.58,Книжковий Клуб «Клуб Сімейного Дозвілля»,Hardcover,400,2021,1992,,2022/01/28,to-read,to-read (#37),to-read,,,,0,0
57676411,Розгадка геніальності. Як працює інженерія ідей,Ron      Friedman,"Friedman, Ron",Рон Фрідман,"=""6177965741""","=""9786177965748""",0,4.23,Лабораторія,Paperback,256,2021,,,2022/01/25,to-read,to-read (#36),to-read,,,,0,0
59837461,Характерники. Спадщина сарматських віщунів,Руслан Бєдов,"Бєдов, Руслан",Ruslan Biedov,"=""""","=""""",0,4.50,Видавництво Літвир,Hardcover,202,2021,,,2022/01/20,to-read,to-read (#35),to-read,,,,0,0
60153396,Коли Полум'я було мертвим,Ксенія Томашева,"Томашева, Ксенія",,"=""6179516375""","=""9786179516375""",0,4.78,,Hardcover,271,2021,,,2022/01/20,to-read,to-read (#34),to-read,,,,0,0
18073318,"Нетопир (Harry Hole, #1)",Jo Nesbø,"Nesbø, Jo","Ю. Несбьо, Володимир Верховень","=""9660356196""","=""9789660356191""",3,3.55,Фоліо,Hardcover,381,2011,1997,2022/01/10,2022/01/10,,,read,"Якось це дивно - книга була визнана ""кращим детективом Скандинавії"" і стала бестселлером, а бажання продовжувувати читати її після першої частини - не хотілося, але все ж друга та третя частини повернули віру в краще. Загалом, книга доволі непогана, точно почитаю продовження пригод Гаррі/Харрі Холе/Голі/Гоулі. ",,,1,0
46021305,Аркан вовків,Павло Дерев'янко,"Дерев'янко, Павло",,"=""9669787009""","=""9789669787002""",5,4.75,Дім Химер,Hardcover,448,2019,,2022/01/06,2021/10/23,,,read,,,,1,0
48616854,"Crooked River (Pendergast, #19)",Douglas Preston,"Preston, Douglas",Lincoln Child,"=""""","=""""",4,4.26,Grand Central Publishing,ebook,368,2020,2020,2021/12/31,2021/08/15,,,read,,,,1,0
50701478,Малеча,Lisa Brennan-Jobs,"Brennan-Jobs, Lisa",Наталія Валевська,"=""""","=""""",4,3.81, Наш Формат,Hardcover,392,2019,2018,2021/12/28,2021/12/28,,,read,,,,1,0
50621118,Закоłот. Невимовні культи,Володимир Кузнєцов,"Кузнєцов, Володимир",,"=""6177585205""","=""9786177585205""",3,4.14,Видавництво Жупанського,Hardcover,328,2020,,2021/12/23,2020/02/11,,,read,,,,1,0
59073480,"Велике Полювання (The Wheel of Time, #2)",Robert Jordan,"Jordan, Robert","Галина Михайловська, Тетяна Дитина, Олег Кіналь","=""9661063184""","=""9789661063180""",0,4.27,Навчальна книга - Богдан,Kindle Edition,680,2021,1990,,2021/12/23,to-read,to-read (#32),to-read,,,,0,0
59025622,"Макова війна (Макова війна, #1)",R.F. Kuang,"Kuang, R.F.",Ганна Литвиненко,"=""""","=""9786177853823""",4,4.17,Жорж,Hardcover,496,2021,2018,2021/12/16,2021/10/23,,,read,,,,1,0
51331988,Аномалія,Андрій Новік,"Новік, Андрій",,"=""6171274356""","=""9786171274358""",3,4.02,«Книжковий Клуб «Клуб Сімейного Дозвілля»,Hardcover,384,2020,2020,2021/12/09,2021/12/09,,,read,"Після десятка прочитаних книг Джеймса Роллінса, серіалу FlashForward, фільму Пророк(з Ніколасом Кейджом) Аномалія виглядає дуже клішованою. Але все ж цікаві моменти у книжці є. ",,,1,0
58976396,І стало світло...,Юрій Даценко,"Даценко, Юрій",,"=""9786171289""","=""9786171289246""",4,3.96,Книжковий Клуб «Клуб Сімейного Дозвілля»,Hardcover,336,2021,,2021/12/03,2021/12/03,,,read,,,,1,0
59571680,В краю невірних,Jacek Dukaj,"Dukaj, Jacek","Андрій Павлишин, Яцек Дукай","=""6176642310""","=""9786176642312""",1,3.77,Астролябія,Hardcover,528,2021,2021,2021/11/26,2021/11/14,,,read,,,,1,0
59465469,Згодом,Stephen        King,"King, Stephen","Стівен Кінг, Олена Любенко","=""""","=""9786171291522""",0,3.96,Клуб сімейного дозвілля,Hardcover,256,2021,2021,,2021/11/14,to-read,to-read (#31),to-read,,,,0,0
59115717,Тривожні люди,Fredrik Backman,"Backman, Fredrik","Фредрік Бакман, Софія Волковецька","=""6177820913""","=""9786177820917""",4,4.17, #книголав,Hardcover,360,2021,2019,2021/11/07,2021/10/23,,,read,,,,1,0
58111454,Необхідні речі,Stephen        King,"King, Stephen","Стівен Кінг, Volodymyr Kuch, Володимир Куч","=""6171288934""","=""9786171288935""",4,3.98,Книжковий Клуб «Клуб Сімейного Дозвілля»,Hardcover,864,2021,1991,2021/10/23,2021/08/07,,,read,,,,1,0
58815020,"Агенція ""Незалежність""",Олег Сілін,"Сілін, Олег","Альона Сіліна, Наталка Ліщинська, Світлана Тяпіна, Олена Красносельська, Тимур Литовченко, Світлана Тараторіна, Анастасія Гетманська, Тала Владмирова, Олександр Вівчарик, Ігор Сілівра, Наталія Довгопол, Андрій Ворон, Ірина Грабовська, Назарій Вівчарик, Ярослава Литвин, Ярина Каторож, Ольга Фира, Дарина Стремецька, Сергій Панасюк, Ірина Пасько, Ксенія Сокульська, Владислав Лєнцев, Володимир Кузнєцов, Любов Базь, Дар'я Чеканова, Наталія Матолінець, Роман Буданов, Аліса Гаврильченко, Лариса Іллюк, Макс Пшебильський","=""9661066442""","=""9789661066440""",0,3.72,"Навчальна книга ""Богдан""",Hardcover,368,2021,,,2021/10/28,to-read,to-read (#30),to-read,,,,0,0
59120446,Клуб убивств по четвергах,Richard Osman,"Osman, Richard","Річард Осман, Віталій Ракуленко","=""6171289329""","=""9786171289321""",0,3.87,Книжковий Клуб «Клуб Сімейного Дозвілля»,Hardcover,432,2021,2020,,2021/10/23,to-read,to-read (#29),to-read,,,,0,0
53454949,Неприродні випадки. Нотатки судмедексперта в 34 розтинах,Richard Shepherd,"Shepherd, Richard","Ричард Шеперд, Анна Дученко","=""""","=""9786177764556""",0,4.32,BookChef,Hardcover,488,2020,2018,,2021/10/23,to-read,to-read (#28),to-read,,,,0,0
18284376,"Язык небес (Cotton Malone, #4)",Steve Berry,"Berry, Steve",Е. Иванова,"=""5699612513""","=""9785699612512""",4,3.93,Эксмо,Hardcover,592,2012,2008,2021/08/24,2021/08/24,,,read,,,,1,0
56222206,"Bloodless (Pendergast, #20)",Douglas Preston,"Preston, Douglas",Lincoln Child,"=""1538736705""","=""9781538736708""",0,4.01,Grand Central Publishing,Hardcover,385,2021,2021,,2021/08/15,to-read,to-read (#27),to-read,,,,0,0
41889583,"Из глубины (Jeremy Logan, #1))",Lincoln Child,"Child, Lincoln",,"=""""","=""""",4,3.90,Азбука,Kindle Edition,338,2016,2007,,2017/07/02,,,read,,,,1,0
23131057,Точка обману,Dan    Brown,"Brown, Dan",,"=""""","=""9789661409124""",4,3.76,Клуб Сімейного Дозвілля,Hardcover,526,2010,2001,2021/08/07,2021/08/07,,,read,"Цікаво перечитувати книги, які читав 10 років тому. ",,,1,0
41077731,Брітт-Марі була тут,Fredrik Backman,"Backman, Fredrik",Ольга Захарченко,"=""6177563473""","=""9786177563470""",5,4.09,#книголав,Hardcover,352,2018,2014,2021/07/15,2021/07/15,,,read,"Футбол - дивна гра, бо вона не просить, щоб її любили. Вона вимагає. ",,,1,0
53490148,The Ickabog,J.K. Rowling,"Rowling, J.K.",,"=""1510202250""","=""9781510202252""",0,3.89,"Little, Brown Books for Young Readers",Hardcover,290,2020,2020,,2021/07/06,to-read,to-read (#26),to-read,,,,0,0
57969491,Опівнічна бібліотека,Matt Haig,"Haig, Matt","Метт Гейґ, Ганна Яновська","=""6177853765""","=""9786177853762""",0,3.98,Жорж,Hardcover,416,2021,2020,,2021/07/03,to-read,to-read (#25),to-read,,,,0,0
58178139,"Ми, живі",Ayn Rand,"Rand, Ayn",Геннадій Шпак,"=""""","=""9786177863518""",5,3.96,Наш Формат,Hardcover,504,2021,1936,2021/07/01,2021/07/01,,,read,,,,1,0
57731528,"Око світу (The Wheel of Time, #1)",Robert Jordan,"Jordan, Robert","Галина Михайловська, Ганна Осадко, Олег Кіналь","=""9661063176""","=""9789661063173""",0,4.19,Навчальна книга - Богдан,Kindle Edition,784,2021,1990,,2021/06/28,to-read,to-read (#24),to-read,,,,0,0
57577371,Таємниця старого Лами,Dorje Batuu,"Batuu, Dorje","Дорж Бату, Ярина Жук, Тетяна Омельченко","=""6176798884""","=""9786176798880""",4,4.41,Видавництво Старого Лева ,Hardcover,204,2021,2021,2021/05/30,2021/05/26,,,read,,,,1,0
57596135,Книга в камені,Юрій Даценко,"Даценко, Юрій",,"=""9786171286""","=""9786171286443""",3,4.06,КСД,Hardcover,320,2021,,2021/05/26,2021/04/04,,,read,"Я довго вагався яку ж оцінку поставити 3 чи 4, але все ж - 3. <br/><br/>Враження таке, що я прочитав хорошу чернетку хорошого роману. Щоб роман дійсно став хороший - його нинішній об'єм потрібно було збільшити вдвічі. Історії деяких персонажів - геть не розкриті(один із таких персонажів зникає на 259 сторінці і більше до кінця книжки(а це 50 сторінок) про нього лише згадки); жіночих персонажів - пальців однієї руки вистачить, щоб перерахувати; історія протистояння двох могутніх родів - щось не видно було їхньої ""могутності"". Напевно, про це все мали б говорити рідери. <br/><br/><br/>Але є й багато хорошого. По-перше, це сама історія. По-друге, хоч це і друга книга автора, але стиль письма дуже якісний. По-третє, буде продовження про пригоди Якова Ровнєра.  ",,,1,0
43893010,12 правил життя. Як перемогти хаос,Jordan B. Peterson,"Peterson, Jordan B.",Дмитро Кожедуб,"=""""","=""9786177682324""",4,3.91,Наш Формат,Hardcover,320,2019,2018,2021/05/15,2021/05/15,,,read,,,,1,0
57334448,Якщо кров тече,Stephen        King,"King, Stephen",Віталій Ракуленко,"=""6171286206""","=""9786171286207""",4,3.98,Книжковий Клуб «Клуб Сімейного Дозвілля»,Hardcover,512,2021,2020,2021/05/10,2021/04/09,,,read,,,,1,0
49113520,Доктор Стрендж: Прокляття,Donny Cates,"Cates, Donny","Rod Reis, Szymon Kudranski, Nick Spencer","=""966978087X""","=""9789669780874""",4,3.58,Fireclaw,Paperback,112,2019,2018,2021/05/03,2021/05/03,,,read,,,,1,0
17971548,Стів Джобс,Walter Isaacson,"Isaacson, Walter",,"=""9662665021""","=""9789662665024""",0,4.15,Брайт Букс,Hardcover,624,2012,2011,,2018/01/03,to-read,to-read (#4),to-read,,,,0,0
36522342,Таємна історія,Donna Tartt,"Tartt, Donna","Донна Тартт, Богдан Стасюк","=""6171241210""","=""9786171241213""",0,4.16,Клуб сімейного дозвілля,Hardcover,560,2017,1992,,2021/04/08,to-read,to-read (#23),to-read,,,,0,0
35262362,Асистент,Tess Gerritsen,"Gerritsen, Tess",Ірина Серебрякова,"=""6171231843""","=""9786171231849""",3,4.14, Книжковий Клуб «Клуб Сімейного Дозвілля»,Hardcover,368,2017,2002,2021/03/27,2021/03/28,,,read,,,,1,0
33986211,"Танец Смерти (Pendergast, #6; Diogenes, #2)",Douglas Preston,"Preston, Douglas","Дуглас Престон, Линкольн Чайлд, Lincoln Child, Н. Омельянович","=""5389066111""","=""9785389066113""",4,4.20,Азбука,Hardcover,448,2014,2005,,2017/07/02,,,read,,,,1,0
56420733,Салимове лігво,Stephen        King,"King, Stephen",Олександр Красюк,"=""6171283169""","=""9786171283169""",5,4.10,Книжковий клуб Клуб Сімейного Дозвілля,Hardcover,576,2021,1975,2021/03/22,2021/03/22,,,read,,,,1,0
32740697,Хірург,Tess Gerritsen,"Gerritsen, Tess","Тесс Ґеррітсен, Наталія Гоїн","=""6171214620""","=""9786171214620""",3,4.10,Книжковий Клуб «Клуб Сімейного Дозвілля»,Hardcover,352,2016,2001,2021/03/12,2021/03/12,,,read,"Читається легко та швидко, але сюжет посередній. <br/>Поліцейські виглядають як барани - ні розуму, ні логіки. <br/>Сподіваюся, що подальші книги будуть цікавішими.   ",,,1,0
35423303,Маленьке життя,Hanya Yanagihara,"Yanagihara, Hanya","Ганья Янаґігара, Анжела Асман","=""6177489907""","=""9786177489909""",3,4.29,КМ-Букс,Hardcover,880,2017,2015,2021/03/08,2021/02/24,,,read,,,,1,0
56387915,Майлз Моралес: Найвеличніша Людина-Павук. Том 1: Знову в дії,Brian Michael Bendis,"Bendis, Brian Michael","David  Marquez, Mark Bagley, Олена Лісевич","=""6177779328""","=""9786177779321""",5,4.02,Fireclaw,Paperback,144,2021,2014,2021/02/26,2021/02/26,,,read,,,,1,0
52072816,Черное эхо (Звезды мирового детектива),Michael    Connelly,"Connelly, Michael",Майкл Коннелли,"=""5389169913""","=""9785389169913""",0,4.14,Азбука,Kindle Edition,405,2019,1992,,2021/02/26,to-read,to-read (#22),to-read,,,,0,0
55922623,Патруль часу,Poul Anderson,"Anderson, Poul","Пол Андерсон, Олег Лесько","=""6177585280""","=""9786177585281""",4,3.75,Видавництво Жупанського,Hardcover,624,2020,2006,2021/02/17,2021/02/10,,,read,,,,1,0
56020828,"Піщаний хробак, або SANDWORM. Нова епоха кібервійни. Полювання на найвіртуозніших хакерів Кремля",Andy Greenberg,"Greenberg, Andy",Владислав Махонін,"=""""","=""""",0,4.35,Фоліо,Hardcover,427,2020,2019,,2021/02/16,to-read,to-read (#21),to-read,,,,0,0
39304822,Flash Boys. Ринок цінних секунд: революція на Уолл-стрит,Michael   Lewis,"Lewis, Michael","Майкл Льюїс, Анастасія Рогоза","=""6171239526""","=""9786171239524""",4,4.14,Клуб Сімейного Дозвілля,Hardcover,296,2017,2014,,2021/02/06,,,read,,,,2,0
56678183,КіберКрай,В'ячеслав Бугайов,"Бугайов, В'ячеслав",Євгеній Тончилов,"=""""","=""""",4,3.92,The Will Production,Hardcover,64,2020,,,2021/01/31,,,read,,,,2,0
44054588,Жінка у білому,Wilkie Collins,"Collins, Wilkie",,"=""6177409059""","=""9786177409051""",4,4.01,КМ-БУКС,Hardcover,672,2016,1859,2021/01/26,2021/01/26,,,read,,,,1,0
15724160,"Голодні Ігри (Голодні Ігри, #1)",Suzanne Collins,"Collins, Suzanne","Сюзанна Коллінз, Уляна Григораш","=""6175380274""","=""9786175380277""",4,4.35,Країна Мрій,Hardcover,380,2010,2008,,2017/07/02,,,read,,,,1,0
56260021,"Дев’ятий Дім (Alex Stern, #1)",Leigh Bardugo,"Bardugo, Leigh","Лі Бардуґо, Єлена Даскал","=""9669821835""","=""9789669821836""",0,4.01,Віват,Hardcover,528,2020,2019,,2021/01/16,to-read,to-read (#20),to-read,,,,0,0
43522585,"Old Bones (Nora Kelly, #1)",Douglas Preston,"Preston, Douglas",Lincoln Child,"=""1538747227""","=""9781538747223""",4,4.07,Grand Central Publishing,Hardcover,369,2019,2019,2021/01/07,2021/01/08,,,read,,,,1,0
48838302,Відверто про Клавдію,Daniel Keyes,"Keyes, Daniel",Дар'я Петрушенко,"=""6171251194""","=""9786171251199""",4,3.27,Клуб Сімейного Дозвілля,Hardcover,320,2019,1986,2021/01/11,2021/01/11,,,read,,,,1,0
56147475,Ми проти вас,Fredrik Backman,"Backman, Fredrik",,"=""6177820654""","=""9786177820658""",5,4.37,#Книголав,Hardcover,488,2020,2017,2021/01/03,2020/12/24,,,read,,,,1,0
44304146,Притулок пророцтв,Daniel Keyes,"Keyes, Daniel","Софія Берлінець, Volodymyr Kuch","=""6171251178""","=""9786171251175""",3,3.07,Книжковий Клуб «Клуб Сімейного Дозвілля»,Hardcover,320,2019,2009,2020/12/31,2020/12/31,,,read,,,,1,0
10392355,Записки українського самашедшого,Lina Kostenko,"Kostenko, Lina",,"=""9667047881""","=""9789667047887""",4,4.06,А-ба-ба-га-ла-ма-га,Hardcover,416,2010,2010,2020/12/26,2020/12/26,,,read,,,,1,0
56063918,Майже ніколи не навпаки,Maria Matios,"Matios, Maria",,"=""617585196X""","=""9786175851968""",5,4.30,А-БА-БА-ГА-ЛА-МА-ГА,Hardcover,192,2020,2007,2020/11/15,2020/12/25,,,read,,,,1,0
53903883,Повне зібрання прозових творів т.1,Edgar Allan Poe,"Poe, Edgar Allan",Едгар Аллан По,"=""617758523X""","=""9786177585236""",3,3.89,Видавництво Жупанського,Hardcover,408,2020,,2020/12/18,2020/12/18,,,read,,,,1,0
38851602,"Та ви жартуєте, містере Фейнман! Пригоди допитливого дивака",Richard P. Feynman,"Feynman, Richard P.",Микола Климчук,"=""6177552161""","=""9786177552160""",5,4.27,Наш Формат,Hardcover,400,2018,1985,2020/12/03,2020/12/04,,,read,,,,1,0
50199222,Моя історія,Steven Gerrard,"Gerrard, Steven",Дмитро Кожедуб,"=""6177866050""","=""9786177866052""",5,4.10,Наш Формат,Hardcover,408,2019,2015,2020/11/14,2020/11/14,,,read,,,,1,0
16154279,"Измена по-венециански (Cotton Malone, #3)",Steve Berry,"Berry, Steve",Андрей Новиков,"=""5699387714""","=""9785699387717""",4,3.97,Эксмо,Hardcover,496,2010,2007,,2020/11/01,,,read,,,,2,0
55816546,Отаман,Віктор Вальд,"Вальд, Віктор",,"=""6171280941""","=""9786171280946""",4,4.00,Книжковий Клуб «Клуб Сімейного Дозвілля»,Hardcover,448,2020,,2020/10/23,2020/10/29,,,read,,,,1,0
52328001,Інститут,Stephen        King,"King, Stephen","Стівен Кінг, Volodymyr Kuch, Володимир Куч, Анастасія Рогоза","=""6171276782""","=""9786171276789""",5,4.20,Книжковий Клуб «Клуб Сімейного Дозвілля»,Hardcover,608,2020,2019,2020/10/11,2020/05/15,,,read,,,,1,0
55470782,З любов’ю до життя,Світлана Талан,"Талан, Світлана",,"=""6171276820""","=""9786171276826""",3,3.80,Книжковий Клуб «Клуб Сімейного Дозвілля»,Hardcover,240,2020,,2020/09/27,2020/09/27,,,read,,,,1,0
37541456,Остання миля. Детектив Амос Декер. Книга 2,David Baldacci,"Baldacci, David",Наталія Гайдай,"=""6177535305""","=""9786177535309""",3,4.24,КМ-БУКС,Hardcover,552,2018,2016,2020/09/26,2020/09/26,,,read,,,,1,0
37541439,Пам'ятливець. Детектив Амос Декер. Книга 1,David Baldacci,"Baldacci, David",Наталія Ференс,"=""6177535291""","=""9786177535293""",4,4.12,КМ-БУКС,Hardcover,520,2018,2015,2020/09/20,2020/09/20,,,read,,,,1,0
29736936,Меч призначення (Відьмак #2),Andrzej Sapkowski,"Sapkowski, Andrzej","Анджей Сапковський, Сергій Легеза","=""6171204986""","=""9786171204980""",5,4.27,"Книжковий клуб ""Клуб семейного досуга""",Hardcover,368,2016,1992,2020/09/13,2020/09/13,,,read,,,,1,0
32569765,"Натюрморт с воронами (Pendergast, #4)",Douglas Preston,"Preston, Douglas",,"=""5389123638""","=""9785389123632""",5,4.21,Азбука,Kindle Edition,515,2016,2003,,2017/07/02,,,read,,,,1,0
29735142,"Кабинет диковин (Pendergast, #3)",Douglas Preston,"Preston, Douglas",,"=""""","=""""",5,4.26,Азбука,Kindle Edition,582,2016,2002,,2017/07/02,,,read,,,,1,0
36496436,"Реликт (Pendergast, #1)",Douglas Preston,"Preston, Douglas","Lincoln Child, Дмитрий Вознякевич","=""5389090624""","=""9785389090620""",4,4.05,Азбука,Paperback,448,2015,1995,,2017/07/02,,,read,,,,1,0
49647491,Піднесення,Stephen        King,"King, Stephen","Стівен Кінг, Volodymyr Kuch","=""617126069X""","=""9786171260696""",0,3.63,Книжковий Клуб «Клуб Сімейного Дозвілля» ,Hardcover,160,2019,2018,,2019/01/02,to-read,to-read (#10),to-read,,,,0,0
16154282,"Александрийское звено (Cotton Malone, #2)",Steve Berry,"Berry, Steve",Андрей Новиков,"=""5699327444""","=""9785699327447""",4,3.94,Эксмо,Hardcover,512,2009,2007,2020/09/06,2020/09/06,,,read,,,,1,0
46062154,Доторк,Daniel Keyes,"Keyes, Daniel",Volodymyr Kuch,"=""6171251186""","=""9786171251182""",3,3.65,Книжковий Клуб «Клуб Сімейного Дозвілля»,Hardcover,256,2019,1971,2020/09/01,2020/09/01,,,read,,,,1,0
16135498,Охотники за умами. ФБР против серийных убийц.,John E. Douglas,"Douglas, John E.","Александр Соколов, Марк Олшейкер, Джон Дуглас, Mark Olshaker","=""5232007165""","=""""",0,4.09,Крон-Пресс,Paperback,416,1988,1995,,2020/08/16,to-read,to-read (#19),to-read,,,,0,0
41836090,Навчитися вчитися. Як запустити свій мозок на повну,Barbara Oakley,"Oakley, Barbara",Артем Замоцний,"=""""","=""9786177552870""",3,4.20,Наш формат,Hardcover,272,2018,2014,2020/08/16,2020/08/16,,,read,"Ніби цікаві ідеї та техніки для навчання тут описані, але нічого нового для себе не почерпнув, бо мої вчителі у школі/ліцею та викладачі в університеті розповідали практично усе, що написано тут. <br/><br/>Можливо для школярів старших класів та абітурієнтів це буде хороша книга. ",,,1,0
50017515,Юрґен Клопп: біографія,Elmar Neveling,"Neveling, Elmar","Yevhenia Kuznetsova, Євгенія Кузнєцова","=""6177730698""","=""9786177730698""",3,3.74,Наш Формат,Hardcover,360,2019,2011,2020/01/24,2020/02/06,,,read,"Якщо ви хоча б трішки стежили за футболом Боруссії(Дортмунд) та Ліверпуля з 2010 року, то тут мало чого нового можна дізнатися про Юргена Клоппа. <br/><br/>Сама біографія Клоппа - це цитати із інтерв'ю та декілька слів знайомих та друзів тренера. <br/><br/>Здається, що автор цієї біографії хотів просто хайпанути і заробити грошей.",,,1,0
40697525,"Verses for the Dead (Pendergast, #18)",Douglas Preston,"Preston, Douglas",Lincoln Child,"=""1538715481""","=""9781538715482""",4,4.22,Grand Central Publishing,Hardcover,434,2018,2018,2020/07/31,2020/07/31,,,read,,,,1,0
44890050,"The Last Odyssey (Sigma Force, #15)",James Rollins,"Rollins, James",,"=""0062892894""","=""9780062892898""",4,4.19,William Morrow,Hardcover,464,2020,2020,2020/07/24,2019/12/17,,,read,"Все більше та більше книги Роллінса про Сигму стають шаблоними, причому усі шаблони між собою дуже схожі. Але серед цих шаблонів є цікаві речі, через які і хочеться читати його книги. Загалом, ""історія про Одіссею""(назву це так) така собі, на 3 зірочки. Проте історія головних персонажів - цікава, а жарти Ковальського - смішні, тому книга й отримує від мене 4 зірочки.",,,1,0
35266871,Бійцівський клуб 2: графічний роман,Chuck Palahniuk,"Palahniuk, Chuck","Чак Поланік, Анастасія Рогоза","=""6171231495""","=""9786171231498""",1,3.05,Книжковий Клуб «Клуб Сімейного Дозвілля»,Hardcover,280,2017,2015,2020/07/04,2020/07/04,,,read,,,,1,0
36249144,"Брама (Heechee Saga, #1)",Frederik Pohl,"Pohl, Frederik",Юрій Єфремов,"=""6171234230""","=""9786171234239""",4,4.06,"""Клуб Сімейного Дозвілля""",Hardcover,256,2017,1977,2020/06/29,2020/06/30,,,read,,,,1,0
53416476,Де живе свобода,Svitlana Talan,"Talan, Svitlana",Світлана Талан,"=""6171276499""","=""9786171276499""",4,3.29,Клуб Сімейного Дозвілля,Hardcover,208,2020,,2020/06/21,2020/06/21,,,read,,,,1,0
37933741,Гра на пониження. За кулісами світової фінансової кризи,Michael   Lewis,"Lewis, Michael","Майкл Льюїс, Анастасія Рогоза","=""6171224707""","=""9786171224704""",4,4.30,Книжковий Клуб «Клуб Сімейного Дозвілля»,Hardcover,304,2017,2010,2020/06/20,2020/06/21,,,read,"Цікаво, але важко було читати цю книгу. <br/>Потрібно було добре гуглити, щоб розібратися у деталях.",,,1,0
53176076,Моцарт 2.0,Dorje Batuu,"Batuu, Dorje","Дорж Бату, Юлія Самелюк","=""6176797748""","=""9786176797746""",4,4.37,Видавництво Старого Лева ,Hardcover,464,2020,2020,2020/06/08,2020/05/15,,,read,,,,1,0
32065154,Утопия,Lincoln Child,"Child, Lincoln",Линкольн Чайлд,"=""5699663096""","=""9785699663095""",3,3.91,"ООО ""Издательство ""Эксмо""",Hardcover,512,2013,2003,2020/05/24,2018/02/04,,,read,"Слабенька книжечка. <br/>3 зірочки лише за те, що у 2002 році вже писали про машинне навчання. ",,,1,0
45309548,Аутсайдер,Stephen        King,"King, Stephen","Стівен Кінг, Анастасія Рогоза","=""6171250643""","=""9786171250642""",4,4.01,КСД,Hardcover,592,2019,2018,2020/05/03,2019/01/02,,,read,,,,1,0
50921775,Характерник,Vasyl Shkliar,"Shkliar, Vasyl",Василь Шкляр,"=""6171268410""","=""9786171268418""",5,4.10,Книжковий Клуб «Клуб Сімейного Дозвілля»,Paperback,304,2019,2019,,2020/04/26,,,read,,,,2,0
16031153,"Последний довод королей (Первый Закон, #3)",Joe Abercrombie,"Abercrombie, Joe","Джо Аберкромби, Виктория Дьякова","=""5699481206""","=""9785699481200""",5,4.36,Домино,Hardcover,704,2011,2008,2020/04/20,2020/04/20,,,read,,,,1,0
50931933,Раніше ніж їх повісять,Joe Abercrombie,"Abercrombie, Joe","Джо Аберкромбі, Марія Пухлій","=""6171268798""","=""9786171268791""",5,4.36,Книжковий Клуб «Клуб Сімейного Дозвілля»,Hardcover,608,2019,2007,2020/04/14,2019/12/23,,,read,,,,1,0
25985086,Рой,Michael Crichton,"Crichton, Michael",Майкл Крайтон,"=""""","=""""",4,3.79,,Unknown Binding,416,2014,2002,,2017/07/02,,,read,,,,1,0
17932400,Ерагон (Inheritance #1),Christopher Paolini,"Paolini, Christopher","Крістофер Паоліні, Ігор Бондар-Терещенко","=""9660806620""","=""9789660806627""",4,3.96,Ранок,Hardcover,700,2005,2002,,2017/07/02,,,read,,,,1,0
22059098,"Володар Перснів. Братство персня (Володар Перснів, #1)",J.R.R. Tolkien,"Tolkien, J.R.R.","Дж.Р.Р. Толкін, Катерина Оніщук, Назар Федорак","=""6176640229""","=""9786176640226""",5,4.40,Астролябія,Hardcover,704,2013,1954,,2017/07/02,,,read,,,,1,0
52508177,Вогневир,Володимир Кузнєцов,"Кузнєцов, Володимир",,"=""6179500509""","=""9786179500503""",5,4.51,The Will Production,Hardcover,304,2020,,2020/04/05,2020/04/03,,,read,,,,1,0
40792216,На лезі клинка,Joe Abercrombie,"Abercrombie, Joe","Джо Аберкромбі, Максим Бакалов","=""6171251305""","=""9786171251304""",5,4.22,Книжковий Клуб «Клуб Сімейного Дозвілля»,Hardcover,672,2018,2006,2020/04/01,2020/04/02,,,read,,,,1,0
35996319,Правда,Terry Pratchett,"Pratchett, Terry","Террі Пратчетт, Олександр Михельсон, Творча майстерня «Аґрафка»","=""6176794455""","=""9786176794455""",4,4.41,Видавництво Старого Лева,Hardcover,464,2017,2000,2020/03/10,2020/03/10,,,read,,,,1,0
52040754,Доки світло не згасне назавжди,Max Kidruk,"Kidruk, Max",Макс Кідрук,"=""6171261165""","=""9786171261167""",4,4.43,Книжковий Клуб «Клуб Сімейного Дозвілля»,Hardcover,560,2019,2019,2019/09/17,2019/09/17,,,read,,,,1,0
38084942,"Королівство шахраїв (Шістка воронів, #2)",Leigh Bardugo,"Bardugo, Leigh","Лі Бардуґо, Єлена Даскал","=""9669422825""","=""9789669422828""",5,4.58,Vivat,Hardcover,592,2018,2016,2020/03/01,2020/03/01,,,read,"Жодних плакальників, жодних погребінь!<br/>",,,1,0
43445739,"Менеджмент у стилі ""Манчестер Юнайтед"". Як стати чемпіоном",Alex Ferguson,"Ferguson, Alex","Michael Moritz, Дмитро Кожедуб","=""""","=""9786177552436""",5,4.13,Наш Формат,Hardcover,280,2018,2015,,2020/02/16,,,read,"На жаль, я не читав офіційної біографії Фергюсона і коли почав ""активно"" цікавитися футболом, то Сер Алексон проводив вже останні роки на чолі Манчестер Юнайтед, тому багато моментів із книги є для мене новими - цікаво було заглянути за лаштунки менеджменту такого клубу, як Ман.Юнайтед. <br/> <br/>Та й загальне враження від книги - хороше. <br/>Отримав приємне задоволення від читання українською. <br/> ",,,2,0
51200124,"Незвіданий світ (Професор Челенджер, #1)",Arthur Conan Doyle,"Doyle, Arthur Conan",Артур Конан Дойл,"=""6171234257""","=""9786171234253""",3,3.93,"Книжковий Клуб ""Клуб Сімейного Дозвілля""",Hardcover,272,2017,1912,,2019/08/15,,,read,Редактора і перекладача варто відправити у цей Незвіданий світ. ,,,2,0
34397437,Чотири після півночі,Stephen        King,"King, Stephen",,"=""""","=""9781617216624""",4,3.95,"Книжковий клуб ""Клуб сімейного дозвілля""",Hardcover,928,2016,1990,,2020/02/07,,,read,"Лангольєри - 5/5<br/>Потаємне вікно, потаємний сад - 3/5<br/>Бібліотечний полісмен - 5/5<br/>Сонячний пес - 3/5 ",,,2,0
50871588,"Евангелие тамплиеров (Cotton Malone, #1)",Steve Berry,"Berry, Steve",,"=""5699528229""","=""9785699528226""",4,3.84,Эксмо,Hardcover,480,2011,2006,,2019/09/06,,,read,,,,2,0
29612335,Останнє бажання (Відьмак #1),Andrzej Sapkowski,"Sapkowski, Andrzej","Анджей Сапковський, Сергій Легеза","=""6171204994""","=""9786171204997""",5,4.14,Книжковий Клуб «Клуб Сімейного Дозвілля»,Hardcover,288,2016,1993,2020/01/11,2020/01/12,,,read,"На фоні хайпу щодо виходу серіалу, вирішив перечитати-дочитати цю серію. ",,,1,0
40792232,Червоний дракон,Thomas  Harris,"Harris, Thomas","Томас Гарріс, Анастасія Рогоза","=""617125102X""","=""9786171251021""",4,4.07,Книжковий Клуб «Клуб Сімейного Дозвілля»,Hardcover,352,2018,1981,2019/12/29,2019/12/31,,,read,,,,1,0
44153089,Карта з кісток,James Rollins,"Rollins, James",Джеймс Роллінс,"=""""","=""""",4,4.08,,Hardcover,544,,2005,2019/12/25,2019/12/31,,,read,,,,1,0
49350807,Пастка для різника,Юрій Даценко,"Даценко, Юрій",,"=""6171268453""","=""9786171268456""",4,4.10,КСД,Hardcover,318,2019,,2019/10/19,2019/10/18,,,read,Як на дебютку книгу - сильно та якісно. ,,,1,0
49251351,Букова земля,Maria Matios,"Matios, Maria",,"=""617585179X""","=""9786175851791""",5,4.66,А-БА-БА-ГА-ЛА-МА-ГА,Hardcover,928,2019,2019,2019/11/14,2019/10/07,,,read,"[a:Maria Matios|2992859|Maria Matios|https://images.gr-assets.com/authors/1317382282p2/2992859.jpg] - Букова земля, Видавництво «Абабагаламага»<br/><br/>9 років праці<br/>928 сторінок<br/>550 персонажів<br/>225 років – тривалість охоплюваних подій<br/>1,6 кг <br/><br/>    Якщо коротко, то Букова Земля – це історія людських поневірянь, пошуку кращої долі. Це історія радості та смутку, народження та смерті, миру та війни. Це історія життя. Це історія маленького краю великої України. <br/>    <br/>    Якби не ім’я на обкладинці книги, то я б подумав, що цю книгу писали двоє авторів – чоловік та жінка, де жінка написала про усе світле та прекрасне, а чоловік – про жорстоке та страшне. Напевно, в Марії Матіос живуть герої її книги – Білий та Чорний Ангели.  <br/><br/>    За словами авторки у книзі понад 550 героїв, але є там ще один персонаж – таємний. З ним зустрічаєшся у першому, а прощаєшся в останньому реченні роману. Цей персонаж, що дозволяє милуватися красою Bukovina та пережити нелегкі долі інших персонажів книги, заставляє плакати та сміятися – філігранна та колоритна українська мова Марії Матіос.<br/><br/>    Роман складається із двох частин – двох книг, кожна із яких поділена на розділи, що розповідають історію того чи іншого персонажу, що жив на території Буковини. Хронологічно ці частини поділено до та після Другої світової війни, хоча за настроєм і, якщо можна так сказати, колірною гамою, я б поділив книгу на до та після приходу червоної армії. Чесно, є нестримне бажання описати про паралелі, що вибудовуються у нинішньому суспільно-політичному житті країни із подіями сторічної давнини, але стримаю себе і просто наведу слова авторки з одного із її <a href=""https://cutt.ly/6eHHALW"">інтерв’ю</a>, що спонукають до думок:  “І я б хотіла дати майбутньому читачеві кілька порад: прочитати і задуматися. Я нікого ніколи нічому не вчу у своїх книжках. Не виношу вироки, на це є суд історії. На всі події та всі дії людей. Я просто раджу задуматися над тим, що ми, живі люди, робимо, як ми діємо. Бо мертві сорому не мають. Але вони мають можливість мстити живим. Іноді мертві роблять велику роботу за живих. Моя книжка і про це також...”<br/><br/>    Словом, читайте! ",,,1,0
43688045,Неймовірні числа професора Стюарта,Ian Stewart,"Stewart, Ian",Анатолій Хлівний,"=""6171250724""","=""9786171250727""",2,3.77,Клуб Сімейного Дозвілля,Hardcover,384,2018,2015,2019/12/11,2019/12/11,,,read,"Розділи книги побудовані якогось геть нелогічно, після елементарних речей йдуть розділи із далеко непростою математикою. Не зрозуміло для кого ця книга призначена. Я сумніваюся, що пересічна людина цікавиться циклічними група чи групами симетрій або що таке алеф-нуль. <br/><br/>Також, склалося таке враження, що редактор цю книжку в очі не бачив/ла, а до перекладу не залучався жодний математик. <br/>",,,1,0
31679903,Джерело,Ayn Rand,"Rand, Ayn",Олена Замойська,"=""6177279554""","=""9786177279555""",4,3.89,Наш Формат,Hardcover,752,2016,1943,2019/11/30,2019/12/01,,,read,,,,1,0
41713142,ВОЛЯ: The WILL 2,Денис Фадєєв,"Фадєєв, Денис","Денис Скорбатюк, Олександр Филипович, Ольга Вознюк, В'ячеслав Бугайов, Євгеній Тончилов, Павло Білик, Марина Немеш, Ігор Давиденко","=""9666999560""","=""9789666999569""",5,4.28,TheWillProduction,Hardcover,80,2018,2018,2019/11/19,2019/11/19,,,read,,,,1,0
48500547,Блакитна цятка: космічне майбутнє людства,Carl Sagan,"Sagan, Carl",Ганна Яновська,"=""6171261416""","=""9786171261419""",0,4.34,Клуб сімейного дозвілля,Hardcover,320,2019,1994,,2019/11/09,to-read,to-read (#18),to-read,,,,0,0
24515184,"Янтарне скло (His Dark Materials, #3)",Philip Pullman,"Pullman, Philip",,"=""9663437669""","=""9789663437668""",4,4.10,Клуб Сімейного Дозвілля,Hardcover,479,2008,2000,2019/10/09,2019/10/10,,,read,,,,1,0
23131077,Жорстоке небо,Max Kidruk,"Kidruk, Max",Макс Кідрук,"=""9661478430""","=""9789661478434""",4,4.20,Клуб Сімейного Дозвілля,Hardcover,608,2014,2014,2019/09/25,2019/10/02,,,read,,,,1,0
16072980,A Tap on the Window,Linwood Barclay,"Barclay, Linwood",,"=""0451414187""","=""9780451414182""",5,3.96,NAL,Hardcover,512,2013,2013,,2019/08/23,,,read,Дуже і дуже подобаються твори цього автора - одне задоволення читати його триллери.<br/>Хочу бачити його книги українською!!!,,,2,0
18517360,"Інферно (Роберт Ленґдон, #4)",Dan    Brown,"Brown, Dan",Ден Браун,"=""9661456542""","=""9789661456548""",4,3.90,Клуб Сімейного Дозвілля,Hardcover,607,2013,2013,,2018/01/03,,,read,,,,1,0
29976925,Соловей,Kristin Hannah,"Hannah, Kristin","Крістін Генна, Дмитро Кожедуб","=""617727949X""","=""9786177279494""",4,4.64,Наш Формат,Hardcover,448,2016,2015,,2018/01/03,,,read,,,,1,0
35177537,ВОЛЯ: The WILL,Денис Фадєєв,"Фадєєв, Денис","Олександр Филипович, Вячеслав Бугайов, Олексій Бондаренко, Максим Богдановський, Олекандр Опара","=""9661517525""","=""9789661517522""",4,3.87,TheWillProduction,Hardcover,56,2017,2017,2019/08/18,2019/08/19,,,read,,,,1,0
24496854,"Магічний ніж (His Dark Materials, #2)",Philip Pullman,"Pullman, Philip",,"=""""","=""""",5,4.15,Клуб Сімейного Дозвілля,Hardcover,351,2008,1997,2019/08/08,2019/08/09,,,read,,,,1,0
24472316,"Північне сяйво (Темні матерії, #1)",Philip Pullman,"Pullman, Philip",,"=""9663437677""","=""9789663437675""",4,4.03,Клуб сімейного дозвілля,Hardcover,398,2007,1995,2019/08/01,2019/08/01,,,read,,,,1,0
44168667,"Видозмінений вуглець (Takeshi Kovacs, #1)",Richard K. Morgan,"Morgan, Richard K.","Ричард К. Морґан, Марія Пухлій","=""9669482275""","=""9789669482273""",3,4.04,КМ-Букс,Hardcover,600,2019,2002,2019/07/14,2019/07/14,,,read,"На жаль, не сподобалося. <br/>Це або переклад криво-кострубатий, або стиль автора перевантажений складними словами і не є неперервним. ",,,1,0
45214156,Франческа. Володарка офіцерського жетона,Dorje Batuu,"Batuu, Dorje","Дорж Бату, Олександр Ком’яхов","=""6176796822""","=""9786176796824""",5,4.49,Видавництво Старого Лева ,Hardcover,592,2019,2019,2019/06/17,2019/06/08,,,read,,,,1,0
45755690,"Лийтеся, сльози, сказав полісмен",Philip K. Dick,"Dick, Philip K.","Філіп К. Дік, Гєник Бєляков","=""6177438148""","=""9786177438143""",4,3.91,Комубук,Hardcover,328,2019,1967,2019/06/07,2019/06/07,,,read,,,,1,0
7633662,"Гаррі Поттер і в’язень Азкабану (Гаррі Поттер, #3)",J.K. Rowling,"Rowling, J.K.","Дж. К. Ролінґ, Віктор Морозов, Vladyslav Yerko, Владислав Єрко, Віктор Бариба","=""9667047369""","=""9789667047368""",5,4.58,А-БА-БА-ГА-ЛА-МА-ГА,Hardcover,384,2002,1999,2019/01/07,2019/01/13,,,read,,,,1,0
46125145,В’язні зеленої дачі,Володимир Лис,"Лис, Володимир",,"=""""","=""9786171258761""",4,3.57,Книжковий Клуб «Клуб Сімейного Дозвілля»,Hardcover,272,2019,2019,2019/06/01,2019/06/01,,,read,Історія зламаних життів.,,,1,0
7633677,"Гаррі Поттер і смертельні реліквії (Гаррі Поттер, #7)",J.K. Rowling,"Rowling, J.K.","Дж. К. Ролінґ, Віктор Морозов, Vladyslav Yerko, Владислав Єрко","=""9667047709""","=""9789667047702""",5,4.62,А-БА-БА-ГА-ЛА-МА-ГА,Hardcover,640,2007,2007,2019/05/28,2019/05/28,,,read,,,,1,0
45727020,Шовкопряд,Robert Galbraith,"Galbraith, Robert","Роберт Ґалбрейт, Наталія Ференс","=""9669482984""","=""9789669482983""",0,4.05,КМ-Букс,Hardcover,544,2019,2014,,2019/05/18,to-read,to-read (#17),to-read,,,,0,0
44577309,"Пекло (Отряд «Сигма», #14)",James Rollins,"Rollins, James","Джеймс Роллинс, Наталья Холмогорова","=""5041010153""","=""9785041010157""",4,4.20,Эксмо,Hardcover,464,2019,2019,2019/05/18,2019/05/18,,,read,,,,1,0
29356475,Чотири сезони,Stephen        King,"King, Stephen",Стівен Кінг,"=""9661492913""","=""9789661492911""",4,4.36,"Книжковий клуб ""Клуб сімейного дозвілля""",Hardcover,720,2015,1982,2017/05/12,2019/05/12,,,read,,,,1,0
22907816,Під куполом,Stephen        King,"King, Stephen","Стівен Кінг, Олександр Красюк","=""9661410259""","=""9789661410250""",5,3.93,"Книжковий Клуб ""Клуб Сімейного Дозвілля""",Hardcover,1024,2011,2009,,2017/07/02,,,read,,,,1,0
23276975,"Містер Мерседес (Bill Hodges Trilogy, #1)",Stephen        King,"King, Stephen",Олександр Красюк,"=""9661476624""","=""9789661476621""",4,4.03,Клуб сімейного дозвілля,Hardcover,544,2014,2014,,2017/07/02,,,read,,,,1,0
31927909,Куджо,Stephen        King,"King, Stephen",,"=""6171215163""","=""9786171215160""",4,3.80,Книжковий Клуб «Клуб Сімейного Дозвілля ,Hardcover,352,2016,1981,,2017/07/02,,,read,,,,1,0
35782562,Стрілець. Темна Вежа 1,Stephen        King,"King, Stephen",,"=""6171238333""","=""9786171238336""",4,3.91,Клуб сімейного дозвілля,Hardcover,240,2017,1982,,2017/07/02,,,read,,,,1,0
17694517,Несподівана вакансія,J.K. Rowling,"Rowling, J.K.","Дж. К. Ролінґ, Віктор Морозов, Тарас Малкович","=""6175850440""","=""9786175850442""",5,3.31,А-БА-БА-ГА-ЛА-МА-ГА,Hardcover,544,2013,2012,,2018/01/03,,,read,,,,1,0
20946295,Доктор Сон,Stephen        King,"King, Stephen",Стівен Кінг,"=""9661462801""","=""9789661462""",5,4.13,"Книжковий Клуб ""Клуб Сiмейного Дозвiлля"" ",Hardcover,640,2014,2013,,2018/01/03,,,read,,,,1,0
17831291,11/22/63,Stephen        King,"King, Stephen",,"=""9661434328""","=""9789661434324""",5,4.35,"Книжковий клуб ""Клуб сімейного дозвілля""",Hardcover,896,2012,2011,,2017/07/02,,,read,,,,1,0
20703458,"Сяйво (The Shining, #1)",Stephen        King,"King, Stephen","Стівен Кінг, Олександр Красюк","=""9661462798""","=""9789661462792""",4,4.28,Книжковий Клуб «Клуб Сімейного Дозвілля»,Hardcover,640,2014,1977,,2017/07/02,,,read,,,,1,0
23438073,Острів Дума,Stephen        King,"King, Stephen",,"=""9661400199""","=""9789661400190""",5,3.98,Клуб сімейного дозвілля,Hardcover,688,2008,2008,,2017/07/02,,,read,,,,1,0
31355560,"Кінець зміни (Bill Hodges Trilogy, #3)",Stephen        King,"King, Stephen",Ганна Яновська,"=""""","=""9786171215153""",4,4.11,Клуб Сімейного Дозвілля ,Hardcover,448,2016,2016,,2017/07/02,,,read,,,,1,0
28809079,Марсіянин,Andy Weir,"Weir, Andy",Віра Назаренко,"=""9669230608""","=""9789669230607""",5,4.42,КМ-Букс,Paperback,416,2015,2011,,2017/07/02,,,read,,,,1,0
45437984,"Ніж, якого не відпустиш (Chaos Walking, #1)",Patrick Ness,"Ness, Patrick","Патрік Несс, Остап Українець","=""6177660517""","=""9786177660513""",0,3.98,АССА,Hardcover,464,2019,2008,,2019/05/12,to-read,to-read (#16),to-read,,,,0,0
45450894,Рукавиця Нескінченності,Jim Starlin,"Starlin, Jim",Микита Янюк,"=""6177756026""","=""9786177756025""",0,4.12,Mal'opus,Hardcover,256,2019,1991,,2019/05/12,to-read,to-read (#15),to-read,,,,0,0
45452974,Ейнштейн. Життя і всесвіт генія,Walter Isaacson,"Isaacson, Walter","Волтер Айзексон, Микола Климчук","=""""","=""9786177552832""",0,4.17,Наш Формат,Hardcover,528,2019,2007,,2019/05/12,to-read,to-read (#14),to-read,,,,0,0
45168842,Вокзал на вулиці Відчаю,China Miéville,"Miéville, China","Чайна М'євіль, Дар'я Беззадіна, Наталія Сліпенко","=""9661059322""","=""9789661059329""",0,3.98,Навчальна книга — Богдан,Hardcover,560,2019,2000,,2019/05/05,to-read,to-read (#13),to-read,,,,0,0
7633673,"Гаррі Поттер і напівкровний Принц (Гаррі Поттер, #6)",J.K. Rowling,"Rowling, J.K.","Дж. К. Ролінґ, Віктор Морозов, Vladyslav Yerko, Владислав Єрко","=""9667047296""","=""9789667047290""",5,4.58,А-БА-БА-ГА-ЛА-МА-ГА,Hardcover,576,2006,2005,,2019/05/04,,,read,,,,2,0
45438032,Терор,Dan Simmons,"Simmons, Dan","Антон Санченко, Євгеній Стасіневич, Ден Сіммонс","=""6177585108""","=""9789662355106""",0,4.09,Видавництво Жупанського,Hardcover,672,2019,2007,,2019/05/03,to-read,to-read (#12),to-read,,,,0,0
43600702,Хранителі,Dean Koontz,"Koontz, Dean",Юрій Єфремов,"=""6171249696""","=""9786171249691""",4,4.19,Книжковий Клуб «Клуб Сімейного Дозвілля»,Hardcover,464,2019,1987,2019/04/18,2019/04/18,,,read,"Перше знайомство із Діном Кунцом пройшло добре. <br/>""Хранителі"" написані у далекому 1986 і зараз виглядають дещо ""шаблонно"" в порівнянні із книгами подібного типу останніх двох десятиліть, але це не вплинуло на отримане задоволення від прочитання роману.<br/><br/>P.S. Сподіваюся, що АУТСАЙДЕР знайде перекладача та редактора книжки і ... читайте самі, щоб зрозуміти про що я.  <br/>",,,1,0
42760916,"Кувала зозуля (Cormoran Strike, #1)",Robert Galbraith,"Galbraith, Robert","Роберт Ґалбрейт, Наталія Ференс","=""9669481252""","=""9789669481252""",4,3.89,КМ-Букс,Hardcover,512,2018,2013,2019/04/09,2019/02/11,,,read,"Міцна 4! <br/>Хороший детектив. Кажуть, що ""The devil is in the detail"". Саме так розплутує справу Корморан Страйк. <br/><br/>P.S. Навіть, якби я не знав справжнього автора цього роману, то поставив би міцну 4. ",,,1,0
36692492,Зелена миля,Stephen        King,"King, Stephen","Стівен Кінг, Олена Любенко","=""6171243019""","=""9786171243019""",5,4.49,Книжковий Клуб «Клуб Сімейного Дозвілля»,Hardcover,432,2017,1996,2019/03/29,2019/03/29,,,read,"Час забирає все, хочеш ти цього чи ні, час усе відносить геть, і зрештою залишається тільки темрява.",,,1,0
31539098,Не відпускай мене,Kazuo Ishiguro,"Ishiguro, Kazuo","Кадзуо Ішіґуро, Sofia Andrukhovych, Оксана Йориш, Назар Гайдучик","=""6176792959""","=""9786176792956""",3,3.85,Видавництво Старого Лева,Hardcover,336,2016,2005,2019/03/21,2019/03/23,,,read,,,,1,0
7633671,"Гаррі Поттер і Орден Фенікса (Гаррі Поттер, #5)",J.K. Rowling,"Rowling, J.K.","Дж. К. Ролінґ, Віктор Морозов, Vladyslav Yerko, Владислав Єрко","=""9667047423""","=""9789667047429""",5,4.50,А-БА-БА-ГА-ЛА-МА-ГА,Hardcover,816,2003,2003,2019/03/15,2019/03/15,,,read,Одна із найулюбленіших і найдраматичніших частин серії. ,,,1,0
43633573,Останній спадок,Андрій Новік,"Новік, Андрій",,"=""6171256196""","=""9786171256194""",4,3.62,Книжковий Клуб «Клуб Сімейного Дозвілля»,Hardcover,480,2019,2019,2019/02/18,2019/02/16,,,read,"Як для дебютної книжки, то, навіть, дуже непогано. <br/>Неймовірно великий виконаний шмат роботи для написання цієї книги, в кайф було читати розгадування головної загадки. <br/>Не хотілося, щоб автора називали ""українським Ден Браун""  або ""другим Кідруком"", адже щось своє у автора присутнє. <br/><br/>Не сподобалися перші 100 сторінок(в плані інтриги), я не відчув гачка, на який я б попався. Також не сподобалися останні 80 сторінок - це нагадує програміста, що розпочав масштабний проект, створив декілька гілок проекту і ... звільнився, а проект дописував джун, який перший тиждень на роботі.",,,1,0
7633666,"Гаррі Поттер і келих вогню (Гаррі Поттер, #4)",J.K. Rowling,"Rowling, J.K.","Дж. К. Ролінґ, Віктор Морозов, Sofia Andrukhovych, Софія Андрухович, Vladyslav Yerko, Владислав Єрко","=""9667047407""","=""9789667047405""",5,4.57,А-БА-БА-ГА-ЛА-МА-ГА,Hardcover,672,2003,2000,2019/03/02,2019/03/02,,,read,,,,1,0
41581806,Сплячі красуні,Stephen        King,"King, Stephen","Owen King, Олександр Красюк","=""6171254185""","=""9786171254183""",0,3.73,Книжковий Клуб «Клуб Сімейного Дозвілля»,Hardcover,880,2018,2017,,2019/02/23,to-read,to-read (#11),to-read,,,,0,0
35721986,Серця в Атлантиді,Stephen        King,"King, Stephen",,"=""6171234338""","=""9786171234338""",4,3.86,Книжковий Клуб «Клуб Сімейного Дозвілля»,Hardcover,624,2017,1999,2019/02/21,2019/02/21,,,read,,,,1,0
28380320,Мізері,Stephen        King,"King, Stephen","Стівен Кінг, Анастасія Рогоза","=""6171200794""","=""9786171200791""",4,4.23,Книжковий Клуб «Клуб Сімейного Дозвілля»,Hardcover,384,2015,1987,,2017/07/02,,,read,,,,1,0
26793121,Атлант розправив плечі. Частина третя: А є А.,Ayn Rand,"Rand, Ayn",Софія Андрухович,"=""6177279163""","=""9786177279166""",5,4.19,Наш Формат,Paperback,624,2015,1957,2019/02/14,2019/02/14,,,read,А є А<br/>Крапка,,,1,0
25970193,Атлант розправив плечі. Частина друга: Або - або,Ayn Rand,"Rand, Ayn",Софія Андрухович,"=""6177279155""","=""9786177279159""",5,4.38,Наш Формат,Paperback,472,2015,1957,2019/02/02,2019/02/10,,,read,,,,1,0
25710905,Атлант розправив плечі. Частина перша: Несуперечність,Ayn Rand,"Rand, Ayn","Айн Ренд, Артур Переверзєв, Вікторія Стах","=""6177279066""","=""9786177279067""",5,4.24,Наш Формат,Paperback,456,2015,1957,2019/01/14,2019/02/06,,,read,Під враженнями. ,,,1,0
41149762,"Історії, наклацані на друкарській машинці",Tom Hanks,"Hanks, Tom","Том Генкс, Назар Агаджанян, Назар Гайдучик","=""""","=""9786176795414""",0,3.42,Видавництво Старого Лева ,Hardcover,440,2018,2017,,2018/12/22,to-read,to-read (#9),to-read,,,,0,0
36171890,Родаки,Дмитро Кешеля,"Кешеля, Дмитро",,"=""9665805118""","=""9789665805113""",5,4.57,,Hardcover,384,2017,,2019/01/20,2019/01/20,,,read,,,,1,0
13438208,Призраки двадцатого века,Joe Hill,"Hill, Joe",,"=""5699369643""","=""9785699369645""",4,3.90,Эксмо,Hardcover,400,2009,2005,2019/01/14,2019/01/14,,,read,"Загалом сподобалося. <br/>""Добровольное заключение"" - напевно, найсильніша новела із цього збірника. Однозначно рекомендую прочитати хоча б її.<br/> ",,,1,0
7633659,"Гаррі Поттер і таємна кімната (Гаррі Поттер, #2)",J.K. Rowling,"Rowling, J.K.","Дж. К. Ролінґ, Віктор Морозов, Vladyslav Yerko, Владислав Єрко","=""9667047342""","=""9789667047344""",4,4.43,А-БА-БА-ГА-ЛА-МА-ГА,Hardcover,352,2002,1998,2019/01/05,2019/01/13,,,read,,,,1,0
34825742,"Протистояння, том 2",Stephen        King,"King, Stephen","Стівен Кінг, Сергій Крикун, Bernie Wrightson, Ганна Яновська","=""6171225401""","=""9786171225404""",5,4.31,Клуб сімейного дозвілля,Hardcover,624,2017,1978,2018/06/28,2019/01/02,,,read,,,,1,0
34605209,"Протистояння, том 1",Stephen        King,"King, Stephen","Стівен Кінг, Сергій Крикун, Ганна Яновська","=""6171224626""","=""9786171224629""",5,4.29,"Книжковий клуб ""Клуб сімейного дозвілля""",Hardcover,576,2017,1978,2018/06/14,2019/01/02,,,read,,,,1,0
32336166,"Full Wolf Moon (Jeremy Logan, #5)",Lincoln Child,"Child, Lincoln",,"=""0385531427""","=""9780385531429""",3,3.78,Doubleday,Hardcover,244,2017,2017,2018/12/31,2018/12/31,,,read,,,,1,0
9576890,Гаррі Поттер і філософський камінь,J.K. Rowling,"Rowling, J.K.","Дж. К. Ролінґ, Віктор Морозов, Vladyslav Yerko","=""9667047393""","=""9789667047399""",5,4.47,А-БА-БА-ГА-ЛА-МА-ГА,Hardcover,320,2019,1997,2018/12/22,2018/12/22,,,read,,,,1,0
31331512,Талановитий містер Ріплі,Patricia Highsmith,"Highsmith, Patricia","Патриція Гайсміт, Наталія Гоїн","=""6171215074""","=""9786171215078""",3,3.95,Клуб сімейного дозвілля,Hardcover,320,2016,1955,2018/11/25,2018/11/24,,,read,"Якось важко ""зайшла"" ця книга.",,,1,0
24935061,Поверь своим глазам,Linwood Barclay,"Barclay, Linwood","Линвуд Баркли, Игорь Моничев","=""517081674X""","=""9785170816743""",5,4.11,АСТ,Hardcover,544,2014,2012,2018/11/17,2018/11/17,,,read,"Якби міг, то поставив би цьому роману 6 зірочок. <br/>Одне задоволення читати твори цього автора. <br/>Дуже і дуже сподіваюся, що колись видадуть цю та інші його книги українською.  <br/><br/>P.S.<br/>Якщо будете читати романи цього автора, ніколи, чуєте, ніколи не вірте тому, що написано, адже Барклей/Баркли одним реченням/абзацом/параграфом зруйнує те, що ваш розум собі вже придумав. ",,,1,0
39997093,Бетмен. Книга 2: Місто сов,Scott Snyder,"Snyder, Scott","Greg Capullo, Олена Оксенич","=""9669172446""","=""9789669172440""",5,4.26,Рідна Мова,Hardcover,208,2018,2013,2018/11/08,2018/11/08,,,read,,,,1,0
37748219,Бетмен. Книга 1: Суд сов,Scott Snyder,"Snyder, Scott","Greg Capullo, Jonathan Glapion, Олени Оксенич","=""9669172039""","=""9789669172037""",5,4.34,Рідна мова,Hardcover,176,2017,2012,2018/11/02,2018/11/02,,,read,,,,1,0
38213369,Бетмен: Ноель,Lee Bermejo,"Bermejo, Lee","Лі Бермехо, Олена Оксенич","=""9669172276""","=""9789669172273""",5,4.03,Рідна мова,Hardcover,112,2018,2011,2018/11/01,2018/11/01,,,read,"4 за історію,  <br/>5 за малюнки!",,,1,0
24997498,"Максим Оса (Maxym Osa, #1-2)",Igor Baranko,"Baranko, Igor",Безосібний,"=""""","=""""",5,4.57,Євгеніос,Paperback,96,2011,2008,2018/10/26,2018/10/26,,,read,"Я б прочитав повноцінний детектив за мотивами цього коміксу, навіть незважаючи на помилки.",,,1,0
40383570,The Sandman. Пісочний Чоловік. Книга 2: Ляльковий дім,Neil Gaiman,"Gaiman, Neil","Ніл Ґейман, Олена Оксенич","=""9669172543""","=""9789669172549""",4,4.43,Рідна Мова,Hardcover,256,2018,1990,2018/10/20,2018/10/20,,,read,,,,1,0
42111195,Cтарий Лоґан. Том 1: Берсеркер,Jeff Lemire,"Lemire, Jeff","Andrea Sorrentino, Сергій Ковальчук","=""9669780802""","=""9789669780805""",4,3.94,Fireclaw,Paperback,96,2018,2016,2018/10/16,2018/09/25,,,read,,,,1,0
37541884,The Sandman. Пісочний Чоловік. Книга 1: Прелюдії й ноктюрни,Neil Gaiman,"Gaiman, Neil","Ніл Ґейман, Олена Оксенич, Михайло Назаренко, Sam Kieth, Mike Dringenberg, Malcolm Jones III, Todd Klein","=""9669172128""","=""9789669172129""",4,4.25,Рідна Мова,Hardcover,272,2017,1988,2018/10/15,2018/10/15,,,read,,,,1,0
27539149,Огонь и сера,Douglas Preston,"Preston, Douglas",,"=""""","=""""",5,4.15,Азбука,Kindle Edition,537,2014,2004,2018/03/17,2017/07/02,,,read,,,,1,0
39874627,Аеропорт,Arthur Hailey,"Hailey, Arthur","Артур Гейлі, Volodymyr Kuch, Володимир Куч","=""6171250554""","=""9786171250550""",0,4.00,Книжковий Клуб «Клуб Сімейного Дозвілля»,Hardcover,544,2018,1968,,2018/10/10,to-read,to-read (#8),to-read,,,,0,0
36071093,"Бартімеус: Амулет Самарканда (Bartimaeus, #1)",Jonathan Stroud,"Stroud, Jonathan",Володимир Панченко,"=""6175851293""","=""9786175851296""",0,4.04,А-БА-БА-ГА-ЛА-МА-ГА,Hardcover,408,2017,2003,,2018/10/10,to-read,to-read (#7),to-read,,,,0,0
40107021,"Бартімеус: Око ґолема (Bartimaeus, #2)",Jonathan Stroud,"Stroud, Jonathan","Джонатан Страуд, Володимир Панченко, Іван Сулима","=""6175851471""","=""9786175851470""",0,4.12,А-БА-БА-ГА-ЛА-МА-ГА,Hardcover,528,2018,2004,,2018/10/10,to-read,to-read (#6),to-read,,,,0,0
40776186,Керрі,Stephen        King,"King, Stephen","Стівен Кінг, Віталій Ракуленко","=""6171251143""","=""9786171251144""",0,3.99,Книжковий Клуб «Клуб Сімейного Дозвілля»,Hardcover,224,2018,1974,,2018/10/10,to-read,to-read (#5),to-read,,,,0,0
35995738,Пульт Ґвенді,Stephen        King,"King, Stephen","Richard  Chizmar, Борис Превір","=""6171239216""","=""9786171239210""",3,3.92,Книжковий Клуб «Клуб Сімейного Дозвілля»,Hardcover,160,2017,2017,,2018/04/27,,,read,,,,1,0
38916551,Крейдяна Людина,C.J. Tudor,"Tudor, C.J.",Н.І. Гоїн,"=""6171245445""","=""9786171245440""",5,3.70,Клуб Сімейнойного Дозвілля,Hardcover,288,2018,2018,2018/04/30,2018/04/30,,,read,,,,1,0
35455818,Бетмен: Рік перший,Frank Miller,"Miller, Frank","David Mazzucchelli, Френк Міллер, Девід Маццукеллі, Олена Оксенич","=""9669171768""","=""9789669171764""",4,4.25,Рідна мова,Hardcover,152,2017,1988,2018/06/04,2018/06/04,,,read,,,,1,0
36803846,Відьма,Thomas Olde Heuvelt,"Heuvelt, Thomas Olde",,"=""6177535232""","=""9786177535231""",3,3.72,КМ-Букс,Hardcover,512,2018,2013,2018/06/15,2018/06/15,,,read,"3/5<br/>Як на першу книгу автора, то написано доволі непогано, є цікаві моменти. Але більше як 3 зірки, на мою думку,  книга не заслуговує.  Сподіваюся, що наступні книги будуть кращими.",,,1,0
25831996,Воно,Stephen        King,"King, Stephen","Стівен Кінг, Олександр Красюк, Сергій Крикун, Роман Трифонов, Михайло Каменюк","=""9661486972""","=""9789661486972""",5,4.24,Клуб Сімейного Дозвілля,Hardcover,1344,2014,1986,,2017/07/02,,,read,,,,1,0
36589315,Артеміда,Andy Weir,"Weir, Andy",,"=""6177535194""","=""9786177535194""",4,3.69,КМ-Букс,Hardcover,400,2017,2017,2018/03/27,2018/03/27,,,read,"Якщо оцінювати мої очікування від книжки, то це 2.<br/>Якщо ж оцінювати сюжет книги - то це 4.<br/><br/> <br/>",,,1,0
36380188,Гора між нами,Charles Martin,"Martin, Charles",,"=""6171238724""","=""9786171238725""",4,4.22,Клуб сімейного дозвілля,Hardcover,349,2018,2010,2018/07/14,2018/07/15,,,read,,,,1,0
36456349,Бетмен: Цить,Jeph Loeb,"Loeb, Jeph","Jim Lee, Євген Музиченко","=""9669171962""","=""9789669171962""",5,4.27,Рідна Мова,Hardcover,320,2017,2002,2018/06/16,2018/06/23,,,read,,,,1,0
33961324,Твоя перша остання брехня,Harlan Coben,"Coben, Harlan","Гарлан Кобен, Олена Оксенич","=""6171216631""","=""9786171216631""",4,3.97,Книжковий Клуб «Клуб Сімейного Дозвілля» ,Hardcover,316,2017,2016,2018/04/30,2018/04/30,,,read,,,,1,0
35170273,Бетмен: Убивчий жарт,Alan             Moore,"Moore, Alan","Brian Bolland, Алан Мур, Брайан Болланд, Євген Музиченко","=""966917175X""","=""9789669171757""",4,4.36,Рідна Мова,Hardcover,72,2017,1988,2018/06/23,2018/06/23,,,read,,,,1,0
40101317,Сімміс,Neal Stephenson,"Stephenson, Neal","Ніл Стівенсон, Остап Українець","=""9661055475""","=""9789661055475""",4,4.00,,Hardcover,688,2018,2015,2018/07/29,2018/07/29,,,read,,,,1,0
41720952,"Венец демона (Sigma Force, #13)",James Rollins,"Rollins, James","Джеймс Роллинс, Анатолий Дубовик","=""5040927800""","=""9785040927807""",4,4.21,Э,Hardcover,416,2018,2017,2018/08/04,2018/08/04,,,read,,,,1,0
38101816,Ганнібал,Thomas  Harris,"Harris, Thomas","Томас Гарріс, Анастасія Рогоза","=""6171245542""","=""9786171245549""",5,3.82,«Книжковий Клуб «Клуб Сімейного Дозвілля»,Hardcover,512,2018,1999,2018/02/21,2018/02/04,,,read,,,,1,0
36283452,Першому гравцеві приготуватися,Ernest Cline,"Cline, Ernest","Ернест Клайн, Зоряна Крижанович, Юрій Нікітюк","=""6177498965""","=""9786177498963""",5,4.23,КМ-Букс,Hardcover,520,2017,2011,2018/03/03,2018/03/03,,,read,Неймовірно крута книга.<br/><br/>В найближчому майбутньому точно буду її перечитувати.,,,1,0
36410395,Стріляй як дівчисько,Mary Jennings Hegar,"Hegar, Mary Jennings","Мері Дженнінґз Геґар, Анастасія Дудченко","=""6171239275""","=""9786171239272""",5,4.14,Книжковий Клуб «Клуб Сімейного Дозвілля»,Hardcover,256,2017,2017,2018/01/27,2018/01/27,,,read,"Напевно, одна із кращих прочитаних мною книг!",,,1,0
35423177,Зоряний пил,Neil Gaiman,"Gaiman, Neil","Ніл Ґейман, Дмитро Кушнір","=""6177498019""","=""9786177498017""",4,4.10,Видавнича група КМ-БУКС,Hardcover,240,2017,1999,2018/01/10,2018/01/11,,,read,,,,1,0
30063030,Я — легенда,Richard Matheson,"Matheson, Richard",,"=""6171208361""","=""9786171208360""",4,4.05,«Книжковий Клуб «Клуб Сімейного Дозвілля» ,Hardcover,224,2016,1954,2018/08/10,2018/08/10,,,read,,,,1,0
23438179,Клон Дьявола,Scott Sigler,"Sigler, Scott",,"=""5699615687""","=""9785699615681""",4,3.92,"ООО ""Издательство ""Эксмо""",Paperback,544,2013,2007,2018/08/19,2018/08/19,,,read,,,,1,0
24935034,Не отворачивайся,Linwood Barclay,"Barclay, Linwood","Линвуд Баркли, Л.Г. Мордухович","=""5170830769""","=""9785170830763""",5,4.04,АСТ,Hardcover,416,2014,2010,,2018/10/10,,,read,,,,2,0
35096192,Крістіна,Stephen        King,"King, Stephen","Стівен Кінг, Олена Любенко","=""6171224790""","=""9786171224797""",4,3.85,Книжковий Клуб «Клуб Сімейного Дозвілля»,Hardcover,576,2017,1983,2018/09/23,2018/09/23,,,read,,,,1,0
29429982,"The Twenty-Three (Promise Falls, #3)",Linwood Barclay,"Barclay, Linwood",,"=""0451472721""","=""9780451472724""",5,4.05,Berkley,Hardcover,451,2016,2016,2018/09/14,2018/09/14,,,read,"Майже до останньої сторінки думав, що фінал буде завершеним, що книжка закінчиться словами ""і жили вони довго та щасливо"". Ага, розігнався! Цього не сталося. <br/>Якщо брати книгу як окрему частину, то я б поставив 4. Але якщо розглядати книгу як завершення(хоча знаю, що скоро має бути четверта частина цієї серії) трилогії, то це однозначно 5. <br/>Сюжетні лінії знаходяться не одній площині, усе не так просто. <br/>І навіть якщо здається, що вже відомо хто хороший, а хто поганий, то це лише здається! <br/><br/>Барклей тепер входить в мій особистий топ! ",,,1,0
36622747,Де немає Бога,Max Kidruk,"Kidruk, Max",Макс Кідрук,"=""6171249505""","=""9786171249509""",4,4.13,Книжковий Клуб «Клуб Сімейного Дозвілля»,Hardcover,480,2018,2018,2018/09/09,2018/07/27,,,read,,,,1,0
25810392,"Far From True (Promise Falls,  #2)",Linwood Barclay,"Barclay, Linwood",,"=""0451472705""","=""9780451472700""",4,3.90,Berkley,Hardcover,449,2016,2016,2018/09/01,2018/09/02,,,read,,,,1,0
23398840,"Broken Promise (Promise Falls, #1)",Linwood Barclay,"Barclay, Linwood",,"=""0451472675""","=""9780451472670""",5,3.97,Berkley,Hardcover,484,2015,2015,2018/08/25,2018/08/25,,,read,"Довго вагався між оцінками 4 та 5, але оскільки це перша книга серії і виникає неймовірне бажання залишити усі справи і читати продовження, то ставлю 5. <br/>А якщо коротко, то це хороший трилер з відтінком детективу.",,,1,0
34517346,"City of Endless Night (Pendergast, #17)",Douglas Preston,"Preston, Douglas",Lincoln Child,"=""""","=""""",4,4.08,Grand Central Publishing,Kindle Edition,416,2018,2018,2018/08/14,2018/01/03,,,read,"17 книга серії. <br/>Це найтриваліша серія книг про одного персонажа, що я читав. <br/>Наскільки б поганими чи хорошими ці книги не були, але пізнавати світ Пендергаста, історію його родини, протистояння з рідним братом, я не залишу.<br/>Це як шукати краплинки золота серед тонн піску - чим більше його знайдеш, тим красивіший вийде виріб. <br/><br/>Місто нескінченної ночі - міцна 4.<br/>Стара формула письменників працює відмінно - на вході маємо загадкові вбивства, багатий персонаж, що не хоче співпрацювати, надокучливий журналіст, релігійний протест і, звичайно, тандем Пендергаста та д'Агости, на виході -- дещо похмурий роман, що з кожним новим розділом заставляє лише гадати хто ж вбивця.",,,1,0
38891545,Франческа. Повелителька траєкторій,Dorje Batuu,"Batuu, Dorje","Дорж Бату, Олександр Ком’яхов","=""6176794854""","=""9786176794851""",5,4.38,Видавництво Старого Лева ,Hardcover,304,2018,2018,2018/08/05,2018/08/05,,,read,,,,1,0
37787232,Аляска,Сергій Бут,"Бут, Сергій",,"=""6171242993""","=""9786171242999""",4,3.45,Книжковий Клуб «Клуб Сімейного Дозвілля»,Hardcover,208,2018,,2018/07/15,2018/07/15,,,read,,,,1,0
11729590,Тигролови,Ivan Bahrianyi,"Bahrianyi, Ivan",Іван Багряний,"=""9666727722""","=""9789666727728""",5,4.62,Ранок,Hardcover,256,,1944,,2018/01/12,,,read,,,,1,0
10039557,Тореадори з Васюківки (Тореадори з Васюківки #1-3),Vsevolod Nestaiko,"Nestaiko, Vsevolod","Всеволод Нестайко, Анатолій Василенко","=""966704744X""","=""9789667047443""",5,4.66,А-БА-БА-ГА-ЛА-МА-ГА,Hardcover,544,2004,1970,,2018/01/12,,,read,,,,1,0
29246616,"The Obsidian Chamber (Pendergast, #16)",Douglas Preston,"Preston, Douglas",Lincoln Child,"=""1455541672""","=""9781455541676""",4,3.99,Grand Central Publishing,Hardcover,560,2016,2016,2018/01/07,2018/01/03,,,read,,,,1,0
25481524,The Border,Robert McCammon,"McCammon, Robert",,"=""""","=""""",0,3.92,Subterranean Press,Kindle Edition,456,2015,2015,,2018/01/03,to-read,to-read (#3),to-read,,,,0,0
25614598,"Crimson Shore (Pendergast, #15)",Douglas Preston,"Preston, Douglas",Lincoln Child,"=""1455525928""","=""9781455525928""",4,4.03,Grand Central Publishing,Hardcover,339,2015,2015,,2018/01/03,,,read,,,,1,0
20980959,"Blue Labyrinth (Pendergast, #14)",Douglas Preston,"Preston, Douglas",Lincoln Child,"=""1455525898""","=""9781455525898""",4,4.13,Grand Central Publishing,Hardcover,403,2014,2014,,2018/01/03,,,read,,,,1,0
17159011,"White Fire (Pendergast, #13)",Douglas Preston,"Preston, Douglas",Lincoln Child,"=""1455525839""","=""9781455525836""",4,4.12,Grand Central Publishing,Hardcover,368,2013,2013,,2018/01/03,,,read,,,,1,0
15789985,"Extraction (Pendergast, #12.5)",Douglas Preston,"Preston, Douglas",Lincoln Child,"=""1455528080""","=""9781455528080""",4,3.99,Grand Central Publishing,Kindle Edition,22,2012,2012,,2018/01/03,,,read,,,,1,0
14889780,"Two Graves (Pendergast, #12)",Douglas Preston,"Preston, Douglas",Lincoln Child,"=""0446554995""","=""9780446554992""",5,4.07,Grand Central Publishing,Hardcover,484,2012,2012,,2018/01/03,,,read,,,,1,0
9489502,"Cold Vengeance (Pendergast, #11)",Douglas Preston,"Preston, Douglas",Lincoln Child,"=""1455500135""","=""9781455500130""",4,4.11,Grand Central Publishing,Hardcover,560,2011,2011,,2018/01/03,,,read,,,,1,0
7122034,"Fever Dream (Pendergast, #10)",Douglas Preston,"Preston, Douglas",Lincoln Child,"=""0446554960""","=""9780446554961""",4,4.13,Grand Central Publishing,Hardcover,405,2010,2010,,2018/01/03,,,read,,,,1,0
2197227,"Cemetery Dance (Pendergast, #9)",Douglas Preston,"Preston, Douglas",Lincoln Child,"=""0446580295""","=""9780446580298""",4,4.04,Grand Central Publishing,Hardcover,435,2009,2009,,2018/01/03,,,read,,,,1,0
39028,"The Wheel of Darkness (Pendergast, #8)",Douglas Preston,"Preston, Douglas",Lincoln Child,"=""0446580287""","=""9780446580281""",4,3.97,Warner Books,Hardcover,388,2007,2007,,2018/01/03,,,read,,,,1,0
7670,"The Andromeda Strain (Andromeda, #1)",Michael Crichton,"Crichton, Michael",,"=""0060541814""","=""9780060541811""",4,3.91,Avon,Mass Market Paperback,327,2003,1969,,2017/07/02,,,read,,,,1,0
31287693,Dragon Teeth,Michael Crichton,"Crichton, Michael",,"=""0008173060""","=""9780008173067""",0,3.86,HarperCollins Publishers,Paperback,295,2017,2017,,2017/07/02,to-read,to-read (#1),to-read,,,,0,0
9460487,"Miss Peregrine's Home for Peculiar Children (Miss Peregrine's Peculiar Children, #1)",Ransom Riggs,"Riggs, Ransom",,"=""1594744769""","=""9781594744761""",4,3.92,Quirk,Hardcover,352,2011,2011,,2017/07/02,,,read,,,,1,0
